,0,1,2,3,4,5,6,7,8,9,10,11,12,13,14,15,16,17,18,19,20,21,22,23,24
0,0.1457725947521866,0.0641399416909621,0.04081632653061224,0.011661807580174927,0.11370262390670553,0.05539358600583091,0.02040816326530612,0.014577259475218658,0.008746355685131196,0.04956268221574344,0.03498542274052478,0.008746355685131196,0.0058309037900874635,0.0,0.05539358600583091,0.01749271137026239,0.0029154518950437317,0.0029154518950437317,0.0,0.023323615160349854,0.12244897959183673,0.052478134110787174,0.04081632653061224,0.026239067055393587,0.08163265306122448
1,0.16071428571428573,0.05952380952380952,0.03571428571428571,0.01488095238095238,0.12202380952380952,0.06845238095238096,0.017857142857142856,0.017857142857142856,0.005952380952380952,0.020833333333333332,0.03869047619047619,0.008928571428571428,0.041666666666666664,0.005952380952380952,0.044642857142857144,0.005952380952380952,0.005952380952380952,0.005952380952380952,0.011904761904761904,0.020833333333333332,0.11904761904761904,0.03869047619047619,0.03869047619047619,0.011904761904761904,0.07738095238095238
2,0.2072072072072072,0.033783783783783786,0.036036036036036036,0.03153153153153153,0.12387387387387387,0.0518018018018018,0.02252252252252252,0.009009009009009009,0.006756756756756757,0.02927927927927928,0.05405405405405406,0.009009009009009009,0.02027027027027027,0.0045045045045045045,0.024774774774774775,0.02252252252252252,0.013513513513513514,0.013513513513513514,0.0,0.009009009009009009,0.0945945945945946,0.04054054054054054,0.036036036036036036,0.015765765765765764,0.09009009009009009
3,0.17429193899782136,0.030501089324618737,0.034858387799564274,0.015250544662309368,0.1328976034858388,0.0392156862745098,0.013071895424836602,0.017429193899782137,0.006535947712418301,0.02178649237472767,0.0392156862745098,0.008714596949891068,0.026143790849673203,0.017429193899782137,0.034858387799564274,0.02178649237472767,0.002178649237472767,0.013071895424836602,0.015250544662309368,0.023965141612200435,0.1111111111111111,0.04357298474945534,0.034858387799564274,0.02178649237472767,0.10021786492374728
4,0.1827956989247312,0.03225806451612903,0.02795698924731183,0.017204301075268817,0.12688172043010754,0.034408602150537634,0.017204301075268817,0.010752688172043012,0.004301075268817204,0.025806451612903226,0.030107526881720432,0.004301075268817204,0.021505376344086023,0.015053763440860216,0.03655913978494624,0.015053763440860216,0.002150537634408602,0.012903225806451613,0.017204301075268817,0.021505376344086023,0.12258064516129032,0.03655913978494624,0.03655913978494624,0.015053763440860216,0.13333333333333333
5,0.15449915110356535,0.027164685908319185,0.027164685908319185,0.02037351443123939,0.1273344651952462,0.04074702886247878,0.01697792869269949,0.015280135823429542,0.003395585738539898,0.028862478777589132,0.025466893039049237,0.010186757215619695,0.03395585738539898,0.006791171477079796,0.04753820033955857,0.023769100169779286,0.001697792869269949,0.011884550084889643,0.011884550084889643,0.027164685908319185,0.11205432937181664,0.04923599320882852,0.035653650254668934,0.03395585738539898,0.10696095076400679
6,0.17154811715481172,0.03556485355648536,0.04184100418410042,0.014644351464435146,0.14225941422594143,0.043933054393305436,0.012552301255230125,0.006276150627615063,0.0041841004184100415,0.027196652719665274,0.02510460251046025,0.008368200836820083,0.029288702928870293,0.010460251046025104,0.043933054393305436,0.02092050209205021,0.0020920502092050207,0.010460251046025104,0.0041841004184100415,0.012552301255230125,0.14225941422594143,0.03556485355648536,0.03138075313807531,0.016736401673640166,0.10669456066945607
7,0.1544256120527307,0.030131826741996232,0.02824858757062147,0.026365348399246705,0.1224105461393597,0.035781544256120526,0.009416195856873822,0.022598870056497175,0.005649717514124294,0.02448210922787194,0.03954802259887006,0.007532956685499058,0.03766478342749529,0.011299435028248588,0.04519774011299435,0.013182674199623353,0.005649717514124294,0.018832391713747645,0.015065913370998116,0.026365348399246705,0.1167608286252354,0.04519774011299435,0.03389830508474576,0.02071563088512241,0.10357815442561205
8,0.21082621082621084,0.05982905982905983,0.037037037037037035,0.014245014245014245,0.09401709401709402,0.05982905982905983,0.03133903133903134,0.005698005698005698,0.005698005698005698,0.05128205128205128,0.03133903133903134,0.017094017094017096,0.019943019943019943,0.002849002849002849,0.03418803418803419,0.017094017094017096,0.008547008547008548,0.011396011396011397,0.0,0.011396011396011397,0.09686609686609686,0.037037037037037035,0.03133903133903134,0.02564102564102564,0.08547008547008547
9,0.28774928774928776,0.03133903133903134,0.045584045584045586,0.017094017094017096,0.1396011396011396,0.04843304843304843,0.005698005698005698,0.014245014245014245,0.002849002849002849,0.014245014245014245,0.042735042735042736,0.011396011396011397,0.02849002849002849,0.0,0.03133903133903134,0.022792022792022793,0.002849002849002849,0.002849002849002849,0.0,0.005698005698005698,0.1168091168091168,0.03418803418803419,0.022792022792022793,0.014245014245014245,0.05698005698005698
10,0.18471337579617833,0.055201698513800426,0.044585987261146494,0.03821656050955414,0.09978768577494693,0.040339702760084924,0.006369426751592357,0.021231422505307854,0.004246284501061571,0.027600849256900213,0.050955414012738856,0.006369426751592357,0.016985138004246284,0.006369426751592357,0.040339702760084924,0.029723991507430998,0.004246284501061571,0.006369426751592357,0.008492569002123142,0.03397027600849257,0.11677282377919321,0.027600849256900213,0.03184713375796178,0.025477707006369428,0.07218683651804671
11,0.24923076923076923,0.052307692307692305,0.036923076923076927,0.027692307692307693,0.11692307692307692,0.06461538461538462,0.015384615384615385,0.015384615384615385,0.003076923076923077,0.018461538461538463,0.043076923076923075,0.015384615384615385,0.012307692307692308,0.006153846153846154,0.021538461538461538,0.018461538461538463,0.006153846153846154,0.015384615384615385,0.012307692307692308,0.006153846153846154,0.10461538461538461,0.027692307692307693,0.018461538461538463,0.012307692307692308,0.08
12,0.24087591240875914,0.0413625304136253,0.046228710462287104,0.021897810218978103,0.13138686131386862,0.0535279805352798,0.009732360097323601,0.009732360097323601,0.0024330900243309003,0.0170316301703163,0.0413625304136253,0.004866180048661801,0.0072992700729927005,0.009732360097323601,0.031630170316301706,0.0267639902676399,0.0024330900243309003,0.0072992700729927005,0.004866180048661801,0.0170316301703163,0.11678832116788321,0.0340632603406326,0.024330900243309004,0.019464720194647202,0.07785888077858881
13,0.2688821752265861,0.04833836858006042,0.027190332326283987,0.01812688821752266,0.12386706948640483,0.06042296072507553,0.012084592145015106,0.012084592145015106,0.006042296072507553,0.01812688821752266,0.021148036253776436,0.015105740181268883,0.0030211480362537764,0.00906344410876133,0.03323262839879154,0.021148036253776436,0.006042296072507553,0.006042296072507553,0.0,0.015105740181268883,0.1148036253776435,0.027190332326283987,0.03323262839879154,0.015105740181268883,0.08459214501510574
14,0.22082018927444794,0.056782334384858045,0.03785488958990536,0.025236593059936908,0.13249211356466878,0.07886435331230283,0.022082018927444796,0.015772870662460567,0.0,0.015772870662460567,0.03785488958990536,0.012618296529968454,0.015772870662460567,0.00946372239747634,0.01892744479495268,0.012618296529968454,0.00946372239747634,0.006309148264984227,0.0,0.012618296529968454,0.11987381703470032,0.031545741324921134,0.01892744479495268,0.00946372239747634,0.07886435331230283
15,0.2521891418563923,0.040280210157618214,0.04203152364273205,0.024518388791593695,0.11033274956217162,0.028021015761821366,0.014010507880910683,0.017513134851138354,0.0035026269702276708,0.021015761821366025,0.040280210157618214,0.008756567425569177,0.0297723292469352,0.014010507880910683,0.0297723292469352,0.03852889667250438,0.005253940455341506,0.008756567425569177,0.005253940455341506,0.01576182136602452,0.11033274956217162,0.01576182136602452,0.024518388791593695,0.02626970227670753,0.07355516637478109
16,0.18497109826589594,0.04431599229287091,0.04046242774566474,0.023121387283236993,0.11560693641618497,0.03275529865125241,0.01348747591522158,0.017341040462427744,0.0,0.030828516377649325,0.04046242774566474,0.007707129094412331,0.03275529865125241,0.017341040462427744,0.028901734104046242,0.028901734104046242,0.0038535645472061657,0.007707129094412331,0.007707129094412331,0.02119460500963391,0.11946050096339114,0.02697495183044316,0.028901734104046242,0.02119460500963391,0.10404624277456648
17,0.1913978494623656,0.043010752688172046,0.043010752688172046,0.012903225806451613,0.12043010752688173,0.03870967741935484,0.017204301075268817,0.012903225806451613,0.002150537634408602,0.02795698924731183,0.04086021505376344,0.012903225806451613,0.023655913978494623,0.010752688172043012,0.03870967741935484,0.015053763440860216,0.0064516129032258064,0.008602150537634409,0.008602150537634409,0.021505376344086023,0.12473118279569892,0.01935483870967742,0.03870967741935484,0.025806451612903226,0.09462365591397849
18,0.19181034482758622,0.036637931034482756,0.03017241379310345,0.034482758620689655,0.1271551724137931,0.02586206896551724,0.028017241379310345,0.010775862068965518,0.0,0.036637931034482756,0.05387931034482758,0.010775862068965518,0.03017241379310345,0.00646551724137931,0.023706896551724137,0.02586206896551724,0.004310344827586207,0.021551724137931036,0.004310344827586207,0.017241379310344827,0.12284482758620689,0.021551724137931036,0.032327586206896554,0.028017241379310345,0.07543103448275862
19,0.20489977728285078,0.0400890868596882,0.026726057906458798,0.022271714922048998,0.11581291759465479,0.031180400890868598,0.028953229398663696,0.011135857461024499,0.0,0.0334075723830735,0.04899777282850779,0.004454342984409799,0.024498886414253896,0.008908685968819599,0.028953229398663696,0.0200445434298441,0.004454342984409799,0.011135857461024499,0.0334075723830735,0.015590200445434299,0.10244988864142539,0.028953229398663696,0.042316258351893093,0.0200445434298441,0.09131403118040089
20,0.25813449023861174,0.04338394793926247,0.028199566160520606,0.028199566160520606,0.10845986984815618,0.03036876355748373,0.028199566160520606,0.015184381778741865,0.0,0.03470715835140998,0.04338394793926247,0.006507592190889371,0.04772234273318872,0.004338394793926247,0.021691973969631236,0.019522776572668113,0.006507592190889371,0.010845986984815618,0.004338394793926247,0.013015184381778741,0.11279826464208242,0.02386117136659436,0.021691973969631236,0.01735357917570499,0.07158351409978309
21,0.226890756302521,0.03571428571428571,0.03991596638655462,0.02100840336134454,0.12184873949579832,0.04201680672268908,0.01050420168067227,0.01050420168067227,0.0021008403361344537,0.02100840336134454,0.04411764705882353,0.01050420168067227,0.023109243697478993,0.0063025210084033615,0.025210084033613446,0.01680672268907563,0.0063025210084033615,0.008403361344537815,0.014705882352941176,0.0273109243697479,0.11554621848739496,0.023109243697478993,0.0273109243697479,0.029411764705882353,0.09033613445378151
22,0.1796116504854369,0.0412621359223301,0.043689320388349516,0.021844660194174758,0.11893203883495146,0.04854368932038835,0.019417475728155338,0.012135922330097087,0.0024271844660194173,0.03155339805825243,0.0412621359223301,0.014563106796116505,0.012135922330097087,0.012135922330097087,0.02912621359223301,0.02669902912621359,0.009708737864077669,0.014563106796116505,0.007281553398058253,0.024271844660194174,0.10922330097087378,0.02912621359223301,0.02669902912621359,0.038834951456310676,0.08495145631067962
23,0.24324324324324326,0.0343980343980344,0.0343980343980344,0.019656019656019656,0.14496314496314497,0.04176904176904177,0.007371007371007371,0.007371007371007371,0.002457002457002457,0.02457002457002457,0.029484029484029485,0.009828009828009828,0.012285012285012284,0.004914004914004914,0.03194103194103194,0.02457002457002457,0.002457002457002457,0.004914004914004914,0.002457002457002457,0.009828009828009828,0.13513513513513514,0.029484029484029485,0.029484029484029485,0.014742014742014743,0.09828009828009827
24,0.1752808988764045,0.033707865168539325,0.02696629213483146,0.033707865168539325,0.13258426966292136,0.038202247191011236,0.01348314606741573,0.020224719101123594,0.008988764044943821,0.02247191011235955,0.0449438202247191,0.006741573033707865,0.017977528089887642,0.011235955056179775,0.02247191011235955,0.020224719101123594,0.006741573033707865,0.01348314606741573,0.0044943820224719105,0.02696629213483146,0.12134831460674157,0.04269662921348315,0.024719101123595506,0.01348314606741573,0.11685393258426967
25,0.15384615384615385,0.04072398190045249,0.04524886877828054,0.029411764705882353,0.11538461538461539,0.042986425339366516,0.00904977375565611,0.006787330316742082,0.004524886877828055,0.033936651583710405,0.05203619909502263,0.011312217194570135,0.038461538461538464,0.006787330316742082,0.04072398190045249,0.027149321266968326,0.004524886877828055,0.01809954751131222,0.006787330316742082,0.013574660633484163,0.10633484162895927,0.03167420814479638,0.04072398190045249,0.02262443438914027,0.09728506787330317
26,0.18295739348370926,0.047619047619047616,0.03759398496240601,0.02506265664160401,0.13032581453634084,0.05012531328320802,0.010025062656641603,0.002506265664160401,0.0,0.03508771929824561,0.05012531328320802,0.007518796992481203,0.02506265664160401,0.007518796992481203,0.017543859649122806,0.020050125313283207,0.005012531328320802,0.012531328320802004,0.002506265664160401,0.010025062656641603,0.11779448621553884,0.02756892230576441,0.03007518796992481,0.015037593984962405,0.13032581453634084
27,0.24401913875598086,0.02631578947368421,0.03349282296650718,0.01674641148325359,0.15311004784688995,0.028708133971291867,0.007177033492822967,0.007177033492822967,0.0023923444976076554,0.01674641148325359,0.050239234449760764,0.007177033492822967,0.0215311004784689,0.007177033492822967,0.011961722488038277,0.0215311004784689,0.004784688995215311,0.009569377990430622,0.0023923444976076554,0.01674641148325359,0.12679425837320574,0.01674641148325359,0.02631578947368421,0.02631578947368421,0.11483253588516747
28,0.1722689075630252,0.052521008403361345,0.01680672268907563,0.029411764705882353,0.1407563025210084,0.03991596638655462,0.012605042016806723,0.014705882352941176,0.012605042016806723,0.03571428571428571,0.03361344537815126,0.0063025210084033615,0.014705882352941176,0.008403361344537815,0.014705882352941176,0.03571428571428571,0.004201680672268907,0.01050420168067227,0.01050420168067227,0.025210084033613446,0.12815126050420167,0.03991596638655462,0.023109243697478993,0.025210084033613446,0.09243697478991597
29,0.18994413407821228,0.06424581005586592,0.03910614525139665,0.0223463687150838,0.10893854748603352,0.06424581005586592,0.025139664804469275,0.01675977653631285,0.008379888268156424,0.025139664804469275,0.0335195530726257,0.01675977653631285,0.0223463687150838,0.002793296089385475,0.04189944134078212,0.019553072625698324,0.002793296089385475,0.002793296089385475,0.008379888268156424,0.01675977653631285,0.11452513966480447,0.030726256983240222,0.036312849162011177,0.0111731843575419,0.07541899441340782
30,0.16901408450704225,0.03755868544600939,0.025821596244131457,0.023474178403755867,0.13145539906103287,0.04225352112676056,0.018779342723004695,0.01643192488262911,0.004694835680751174,0.035211267605633804,0.03286384976525822,0.014084507042253521,0.014084507042253521,0.009389671361502348,0.04225352112676056,0.023474178403755867,0.014084507042253521,0.014084507042253521,0.002347417840375587,0.011737089201877934,0.11737089201877934,0.03286384976525822,0.04225352112676056,0.025821596244131457,0.09859154929577464
31,0.18140589569160998,0.036281179138321996,0.036281179138321996,0.031746031746031744,0.12471655328798185,0.031746031746031744,0.013605442176870748,0.022675736961451247,0.006802721088435374,0.027210884353741496,0.049886621315192746,0.013605442176870748,0.009070294784580499,0.006802721088435374,0.04308390022675737,0.027210884353741496,0.009070294784580499,0.018140589569160998,0.009070294784580499,0.006802721088435374,0.11791383219954649,0.02947845804988662,0.036281179138321996,0.015873015873015872,0.09523809523809523
32,0.1589189189189189,0.05189189189189189,0.043243243243243246,0.018378378378378378,0.11567567567567567,0.057297297297297295,0.002162162162162162,0.012972972972972972,0.015135135135135135,0.024864864864864864,0.03891891891891892,0.011891891891891892,0.008648648648648649,0.012972972972972972,0.04108108108108108,0.032432432432432434,0.012972972972972972,0.004324324324324324,0.005405405405405406,0.024864864864864864,0.10054054054054054,0.03351351351351351,0.04432432432432432,0.02810810810810811,0.09945945945945946
33,0.20048899755501223,0.0488997555012225,0.04156479217603912,0.034229828850855744,0.1198044009779951,0.05378973105134474,0.017114914425427872,0.012224938875305624,0.0,0.017114914425427872,0.0488997555012225,0.007334963325183374,0.029339853300733496,0.007334963325183374,0.029339853300733496,0.02689486552567237,0.0,0.004889975550122249,0.004889975550122249,0.022004889975550123,0.11246943765281174,0.02689486552567237,0.034229828850855744,0.012224938875305624,0.08801955990220049
34,0.15833333333333333,0.04895833333333333,0.03854166666666667,0.03333333333333333,0.09583333333333334,0.03333333333333333,0.009375,0.016666666666666666,0.0125,0.027083333333333334,0.05,0.008333333333333333,0.022916666666666665,0.014583333333333334,0.03854166666666667,0.03958333333333333,0.009375,0.017708333333333333,0.013541666666666667,0.026041666666666668,0.09270833333333334,0.022916666666666665,0.03958333333333333,0.03229166666666667,0.09791666666666667
35,0.13550135501355012,0.06233062330623306,0.032520325203252036,0.02981029810298103,0.11924119241192412,0.05962059620596206,0.01084010840108401,0.016260162601626018,0.005420054200542005,0.04065040650406504,0.03523035230352303,0.013550135501355014,0.018970189701897018,0.0,0.03523035230352303,0.013550135501355014,0.0027100271002710027,0.008130081300813009,0.005420054200542005,0.02710027100271003,0.13279132791327913,0.04607046070460705,0.02710027100271003,0.016260162601626018,0.10569105691056911
36,0.15255658005029338,0.03269069572506287,0.04526404023470243,0.03352891869237217,0.1181894383906119,0.03185247275775356,0.008382229673093043,0.013411567476948869,0.006705783738474434,0.026823134953897737,0.04526404023470243,0.008382229673093043,0.016764459346186086,0.014249790444258172,0.03185247275775356,0.03520536462699078,0.010896898575020955,0.012573344509639563,0.022632020117351215,0.02347024308466052,0.1173512154233026,0.026823134953897737,0.028499580888516344,0.027661357921207042,0.10896898575020955
37,0.17221584385763491,0.03673938002296211,0.04936854190585534,0.03444316877152698,0.1251435132032147,0.04477611940298507,0.010332950631458095,0.010332950631458095,0.010332950631458095,0.027554535017221583,0.04707233065442021,0.014925373134328358,0.012629161882893225,0.013777267508610792,0.027554535017221583,0.04133180252583238,0.012629161882893225,0.006888633754305396,0.003444316877152698,0.021814006888633754,0.11251435132032148,0.02870264064293915,0.03673938002296211,0.024110218140068886,0.07462686567164178
38,0.14464692482915717,0.03416856492027335,0.05353075170842825,0.03302961275626424,0.11503416856492027,0.0489749430523918,0.010250569476082005,0.004555808656036446,0.01366742596810934,0.03302961275626424,0.04441913439635535,0.015945330296127564,0.017084282460136675,0.01366742596810934,0.02619589977220957,0.03530751708428246,0.01366742596810934,0.010250569476082005,0.010250569476082005,0.02733485193621868,0.1070615034168565,0.03644646924829157,0.03189066059225513,0.02619589977220957,0.09339407744874716
39,0.14818880351262348,0.03402854006586169,0.05598243688254665,0.03732162458836443,0.11855104281009879,0.04171240395170143,0.010976948408342482,0.007683863885839737,0.008781558726673985,0.025246981339187707,0.06147091108671789,0.013172338090010977,0.020856201975850714,0.008781558726673985,0.03402854006586169,0.03512623490669594,0.006586169045005488,0.013172338090010977,0.005488474204171241,0.030735455543358946,0.10757409440175632,0.029637760702524697,0.04061470911086718,0.030735455543358946,0.07354555433589462
40,0.1750619322873658,0.03137902559867878,0.04789430222956235,0.028901734104046242,0.1106523534269199,0.028901734104046242,0.006606110652353427,0.00990916597853014,0.008257638315441783,0.028901734104046242,0.037985136251032205,0.011560693641618497,0.018166804293971925,0.017341040462427744,0.03468208092485549,0.038810900082576386,0.008257638315441783,0.00990916597853014,0.012386457473162676,0.027250206440957887,0.11312964492155243,0.02477291494632535,0.033856317093311314,0.02972749793559042,0.10569777043765483
41,0.18378995433789955,0.03538812785388128,0.05821917808219178,0.03881278538812785,0.11187214611872145,0.03995433789954338,0.005707762557077625,0.0045662100456621,0.007990867579908675,0.02511415525114155,0.04794520547945205,0.00684931506849315,0.0182648401826484,0.0091324200913242,0.02968036529680365,0.03538812785388128,0.005707762557077625,0.005707762557077625,0.01141552511415525,0.033105022831050226,0.11986301369863013,0.02968036529680365,0.026255707762557076,0.023972602739726026,0.08561643835616438
42,0.15645514223194748,0.038293216630196934,0.045951859956236324,0.03282275711159737,0.11597374179431072,0.04048140043763676,0.006564551422319475,0.007658643326039387,0.010940919037199124,0.02516411378555799,0.044857768052516414,0.007658643326039387,0.02516411378555799,0.012035010940919038,0.03282275711159737,0.03938730853391685,0.006564551422319475,0.012035010940919038,0.010940919037199124,0.03172866520787746,0.10831509846827134,0.03172866520787746,0.03172866520787746,0.03391684901531729,0.09080962800875274
43,0.1466372657111356,0.037486218302094816,0.04520396912899669,0.03858875413450937,0.11686879823594266,0.04520396912899669,0.009922822491730982,0.008820286659316428,0.007717750826901874,0.026460859977949284,0.04851157662624035,0.008820286659316428,0.022050716648291068,0.012127894156560088,0.03858875413450937,0.03858875413450937,0.007717750826901874,0.014332965821389196,0.006615214994487321,0.029768467475192944,0.10584343991179714,0.034178610804851156,0.03969128996692393,0.03197353914002205,0.0782800441014333
44,0.15020576131687244,0.043209876543209874,0.05555555555555555,0.0205761316872428,0.102880658436214,0.047325102880658436,0.018518518518518517,0.01440329218106996,0.00411522633744856,0.024691358024691357,0.043209876543209874,0.012345679012345678,0.0205761316872428,0.01646090534979424,0.05555555555555555,0.026748971193415638,0.00823045267489712,0.01646090534979424,0.012345679012345678,0.0205761316872428,0.102880658436214,0.026748971193415638,0.0411522633744856,0.030864197530864196,0.08436213991769548
45,0.2011173184357542,0.04748603351955307,0.030726256983240222,0.019553072625698324,0.13966480446927373,0.0335195530726257,0.0111731843575419,0.013966480446927373,0.0,0.03910614525139665,0.04748603351955307,0.008379888268156424,0.0111731843575419,0.0111731843575419,0.030726256983240222,0.0223463687150838,0.002793296089385475,0.0111731843575419,0.00558659217877095,0.013966480446927373,0.13128491620111732,0.027932960893854747,0.0446927374301676,0.019553072625698324,0.07541899441340782
46,0.22802850356294538,0.0332541567695962,0.026128266033254157,0.030878859857482184,0.12114014251781473,0.0332541567695962,0.009501187648456057,0.011876484560570071,0.004750593824228029,0.026128266033254157,0.035629453681710214,0.009501187648456057,0.028503562945368172,0.009501187648456057,0.035629453681710214,0.026128266033254157,0.004750593824228029,0.021377672209026127,0.004750593824228029,0.0166270783847981,0.11401425178147269,0.028503562945368172,0.030878859857482184,0.023752969121140142,0.0855106888361045
47,0.17994858611825193,0.043701799485861184,0.03598971722365039,0.015424164524421594,0.13624678663239073,0.038560411311053984,0.02313624678663239,0.017994858611825194,0.002570694087403599,0.02570694087403599,0.043701799485861184,0.007712082262210797,0.02056555269922879,0.007712082262210797,0.02570694087403599,0.02056555269922879,0.012853470437017995,0.010282776349614395,0.010282776349614395,0.015424164524421594,0.12596401028277635,0.02056555269922879,0.02056555269922879,0.033419023136246784,0.10539845758354756
48,0.17553191489361702,0.047872340425531915,0.0398936170212766,0.013297872340425532,0.14893617021276595,0.0398936170212766,0.015957446808510637,0.010638297872340425,0.005319148936170213,0.02925531914893617,0.04521276595744681,0.005319148936170213,0.02127659574468085,0.007978723404255319,0.02925531914893617,0.023936170212765957,0.007978723404255319,0.007978723404255319,0.005319148936170213,0.013297872340425532,0.13829787234042554,0.023936170212765957,0.02925531914893617,0.026595744680851064,0.08776595744680851
49,0.18406593406593408,0.046703296703296704,0.027472527472527472,0.019230769230769232,0.11813186813186813,0.04120879120879121,0.016483516483516484,0.019230769230769232,0.005494505494505495,0.024725274725274724,0.04945054945054945,0.008241758241758242,0.027472527472527472,0.01098901098901099,0.03021978021978022,0.019230769230769232,0.013736263736263736,0.024725274725274724,0.0027472527472527475,0.008241758241758242,0.0989010989010989,0.02197802197802198,0.027472527472527472,0.03021978021978022,0.12362637362637363
50,0.18904109589041096,0.043835616438356165,0.03287671232876712,0.019178082191780823,0.1178082191780822,0.049315068493150684,0.010958904109589041,0.021917808219178082,0.0027397260273972603,0.0136986301369863,0.043835616438356165,0.0027397260273972603,0.03561643835616438,0.019178082191780823,0.043835616438356165,0.019178082191780823,0.01643835616438356,0.021917808219178082,0.01643835616438356,0.0136986301369863,0.09863013698630137,0.024657534246575342,0.03287671232876712,0.030136986301369864,0.07945205479452055
51,0.1702127659574468,0.04893617021276596,0.02127659574468085,0.01702127659574468,0.13617021276595745,0.0425531914893617,0.010638297872340425,0.010638297872340425,0.0,0.03404255319148936,0.029787234042553193,0.00851063829787234,0.01276595744680851,0.01276595744680851,0.03404255319148936,0.027659574468085105,0.002127659574468085,0.010638297872340425,0.01276595744680851,0.027659574468085105,0.12340425531914893,0.027659574468085105,0.0425531914893617,0.03829787234042553,0.09787234042553192
52,0.18541666666666667,0.04791666666666667,0.035416666666666666,0.029166666666666667,0.11458333333333333,0.052083333333333336,0.014583333333333334,0.010416666666666666,0.0020833333333333333,0.020833333333333332,0.041666666666666664,0.010416666666666666,0.020833333333333332,0.008333333333333333,0.029166666666666667,0.020833333333333332,0.0020833333333333333,0.014583333333333334,0.010416666666666666,0.025,0.1125,0.025,0.029166666666666667,0.022916666666666665,0.11458333333333333
53,0.20568927789934355,0.045951859956236324,0.037199124726477024,0.028446389496717725,0.11597374179431072,0.0437636761487965,0.0087527352297593,0.0087527352297593,0.002188183807439825,0.0262582056892779,0.03938730853391685,0.010940919037199124,0.028446389496717725,0.006564551422319475,0.0350109409190372,0.019693654266958426,0.00437636761487965,0.024070021881838075,0.010940919037199124,0.0175054704595186,0.12472647702407003,0.019693654266958426,0.02188183807439825,0.028446389496717725,0.08533916849015317
54,0.18863049095607234,0.04909560723514212,0.023255813953488372,0.03617571059431524,0.12144702842377261,0.06718346253229975,0.012919896640826873,0.012919896640826873,0.00516795865633075,0.01808785529715762,0.03359173126614987,0.007751937984496124,0.015503875968992248,0.00516795865633075,0.03359173126614987,0.023255813953488372,0.002583979328165375,0.01808785529715762,0.007751937984496124,0.01808785529715762,0.10335917312661498,0.04392764857881137,0.025839793281653745,0.015503875968992248,0.1111111111111111
55,0.18820224719101122,0.05898876404494382,0.033707865168539325,0.019662921348314606,0.11235955056179775,0.042134831460674156,0.016853932584269662,0.019662921348314606,0.0,0.0449438202247191,0.025280898876404494,0.008426966292134831,0.019662921348314606,0.016853932584269662,0.033707865168539325,0.03089887640449438,0.0028089887640449437,0.0028089887640449437,0.0056179775280898875,0.02247191011235955,0.12359550561797752,0.03651685393258427,0.03089887640449438,0.02247191011235955,0.08146067415730338
56,0.23690205011389523,0.029612756264236904,0.03416856492027335,0.01366742596810934,0.15261958997722094,0.03416856492027335,0.011389521640091117,0.00683371298405467,0.004555808656036446,0.018223234624145785,0.029612756264236904,0.009111617312072893,0.011389521640091117,0.00683371298405467,0.029612756264236904,0.015945330296127564,0.002277904328018223,0.004555808656036446,0.0,0.025056947608200455,0.1480637813211845,0.022779043280182234,0.029612756264236904,0.022779043280182234,0.10022779043280182
57,0.1694560669456067,0.043933054393305436,0.04811715481171548,0.027196652719665274,0.13598326359832635,0.060669456066945605,0.010460251046025104,0.008368200836820083,0.0020920502092050207,0.01882845188284519,0.0397489539748954,0.008368200836820083,0.02510460251046025,0.012552301255230125,0.03765690376569038,0.027196652719665274,0.0041841004184100415,0.02301255230125523,0.0041841004184100415,0.014644351464435146,0.12552301255230125,0.03347280334728033,0.01882845188284519,0.029288702928870293,0.07112970711297072
58,0.18232044198895028,0.04696132596685083,0.03591160220994475,0.04143646408839779,0.09668508287292818,0.06077348066298342,0.019337016574585635,0.019337016574585635,0.0027624309392265192,0.03038674033149171,0.049723756906077346,0.011049723756906077,0.027624309392265192,0.0055248618784530384,0.03867403314917127,0.019337016574585635,0.013812154696132596,0.011049723756906077,0.0027624309392265192,0.016574585635359115,0.08839779005524862,0.04143646408839779,0.03867403314917127,0.011049723756906077,0.08839779005524862
59,0.20630372492836677,0.06303724928366762,0.04297994269340974,0.017191977077363897,0.12034383954154727,0.07163323782234957,0.0057306590257879654,0.014326647564469915,0.008595988538681949,0.022922636103151862,0.045845272206303724,0.011461318051575931,0.022922636103151862,0.0057306590257879654,0.025787965616045846,0.02005730659025788,0.008595988538681949,0.0057306590257879654,0.008595988538681949,0.017191977077363897,0.10601719197707736,0.034383954154727794,0.025787965616045846,0.02005730659025788,0.06876790830945559
60,0.22349570200573066,0.0659025787965616,0.03724928366762178,0.017191977077363897,0.1174785100286533,0.06303724928366762,0.008595988538681949,0.017191977077363897,0.0057306590257879654,0.034383954154727794,0.03724928366762178,0.011461318051575931,0.011461318051575931,0.0028653295128939827,0.034383954154727794,0.011461318051575931,0.008595988538681949,0.008595988538681949,0.0,0.011461318051575931,0.12607449856733524,0.034383954154727794,0.022922636103151862,0.014326647564469915,0.07449856733524356
61,0.22911051212938005,0.04851752021563342,0.0431266846361186,0.029649595687331536,0.12129380053908356,0.04582210242587601,0.008086253369272238,0.008086253369272238,0.0026954177897574125,0.03234501347708895,0.03773584905660377,0.008086253369272238,0.01078167115902965,0.016172506738544475,0.029649595687331536,0.0215633423180593,0.005390835579514825,0.013477088948787063,0.0026954177897574125,0.016172506738544475,0.13746630727762804,0.026954177897574125,0.026954177897574125,0.008086253369272238,0.07008086253369272
62,0.17678100263852242,0.05804749340369393,0.044854881266490766,0.0395778364116095,0.10290237467018469,0.044854881266490766,0.013192612137203167,0.010554089709762533,0.002638522427440633,0.044854881266490766,0.044854881266490766,0.005277044854881266,0.005277044854881266,0.013192612137203167,0.026385224274406333,0.023746701846965697,0.010554089709762533,0.010554089709762533,0.013192612137203167,0.021108179419525065,0.13192612137203166,0.029023746701846966,0.023746701846965697,0.010554089709762533,0.09234828496042216
63,0.16040100250626566,0.042606516290726815,0.03258145363408521,0.03258145363408521,0.12280701754385964,0.045112781954887216,0.007518796992481203,0.012531328320802004,0.002506265664160401,0.03759398496240601,0.03258145363408521,0.010025062656641603,0.005012531328320802,0.012531328320802004,0.03508771929824561,0.012531328320802004,0.007518796992481203,0.012531328320802004,0.002506265664160401,0.02506265664160401,0.13784461152882205,0.03759398496240601,0.03258145363408521,0.010025062656641603,0.13032581453634084
64,0.1774193548387097,0.07526881720430108,0.03225806451612903,0.01881720430107527,0.12096774193548387,0.06720430107526881,0.021505376344086023,0.01881720430107527,0.002688172043010753,0.03494623655913978,0.03494623655913978,0.005376344086021506,0.026881720430107527,0.002688172043010753,0.03763440860215054,0.016129032258064516,0.013440860215053764,0.002688172043010753,0.005376344086021506,0.013440860215053764,0.12903225806451613,0.02956989247311828,0.026881720430107527,0.021505376344086023,0.06451612903225806
65,0.19148936170212766,0.05053191489361702,0.05851063829787234,0.015957446808510637,0.10638297872340426,0.05851063829787234,0.015957446808510637,0.015957446808510637,0.0026595744680851063,0.026595744680851064,0.0425531914893617,0.02127659574468085,0.023936170212765957,0.007978723404255319,0.0425531914893617,0.026595744680851064,0.0026595744680851063,0.005319148936170213,0.010638297872340425,0.015957446808510637,0.10372340425531915,0.02925531914893617,0.034574468085106384,0.023936170212765957,0.06648936170212766
66,0.17857142857142858,0.04945054945054945,0.04120879120879121,0.019230769230769232,0.12362637362637363,0.06593406593406594,0.019230769230769232,0.016483516483516484,0.008241758241758242,0.013736263736263736,0.03571428571428571,0.027472527472527472,0.008241758241758242,0.0027472527472527475,0.038461538461538464,0.013736263736263736,0.005494505494505495,0.008241758241758242,0.01098901098901099,0.02197802197802198,0.11813186813186813,0.02197802197802198,0.038461538461538464,0.019230769230769232,0.09340659340659341
67,0.20795107033639143,0.04892966360856269,0.024464831804281346,0.021406727828746176,0.14067278287461774,0.06116207951070336,0.009174311926605505,0.01834862385321101,0.0061162079510703364,0.024464831804281346,0.03669724770642202,0.01834862385321101,0.024464831804281346,0.0061162079510703364,0.03363914373088685,0.01529051987767584,0.0061162079510703364,0.0061162079510703364,0.0,0.012232415902140673,0.11926605504587157,0.03669724770642202,0.04892966360856269,0.0061162079510703364,0.0672782874617737
68,0.24664879356568364,0.04825737265415549,0.04289544235924933,0.02680965147453083,0.10991957104557641,0.045576407506702415,0.002680965147453083,0.0160857908847185,0.0,0.032171581769437,0.03485254691689008,0.0160857908847185,0.01876675603217158,0.005361930294906166,0.04289544235924933,0.021447721179624665,0.005361930294906166,0.010723860589812333,0.005361930294906166,0.005361930294906166,0.12332439678284182,0.024128686327077747,0.029490616621983913,0.010723860589812333,0.07506702412868632
69,0.15587529976019185,0.047961630695443645,0.045563549160671464,0.016786570743405275,0.12470023980815348,0.06235011990407674,0.014388489208633094,0.007194244604316547,0.004796163069544364,0.02877697841726619,0.04316546762589928,0.009592326139088728,0.014388489208633094,0.014388489208633094,0.03357314148681055,0.023980815347721823,0.002398081534772182,0.004796163069544364,0.004796163069544364,0.02158273381294964,0.10311750599520383,0.04316546762589928,0.04316546762589928,0.016786570743405275,0.11270983213429256
70,0.22702702702702704,0.043243243243243246,0.05405405405405406,0.021621621621621623,0.11891891891891893,0.05945945945945946,0.002702702702702703,0.010810810810810811,0.002702702702702703,0.010810810810810811,0.04054054054054054,0.010810810810810811,0.024324324324324326,0.008108108108108109,0.02972972972972973,0.024324324324324326,0.0,0.010810810810810811,0.002702702702702703,0.01891891891891892,0.11081081081081082,0.02972972972972973,0.013513513513513514,0.021621621621621623,0.10270270270270271
71,0.27450980392156865,0.05322128851540616,0.056022408963585436,0.0196078431372549,0.12885154061624648,0.04201680672268908,0.0056022408963585435,0.01680672268907563,0.0056022408963585435,0.014005602240896359,0.06442577030812324,0.0056022408963585435,0.008403361344537815,0.008403361344537815,0.03081232492997199,0.025210084033613446,0.0028011204481792717,0.0056022408963585435,0.0,0.008403361344537815,0.12605042016806722,0.01680672268907563,0.03081232492997199,0.008403361344537815,0.04201680672268908
72,0.17391304347826086,0.04927536231884058,0.04927536231884058,0.02608695652173913,0.12753623188405797,0.06086956521739131,0.02608695652173913,0.02318840579710145,0.0,0.020289855072463767,0.05507246376811594,0.005797101449275362,0.02318840579710145,0.011594202898550725,0.028985507246376812,0.014492753623188406,0.005797101449275362,0.008695652173913044,0.0,0.020289855072463767,0.12173913043478261,0.043478260869565216,0.020289855072463767,0.011594202898550725,0.07246376811594203
73,0.17888563049853373,0.06451612903225806,0.026392961876832845,0.020527859237536656,0.12023460410557185,0.05865102639296188,0.01466275659824047,0.008797653958944282,0.005865102639296188,0.0469208211143695,0.02932551319648094,0.02346041055718475,0.02932551319648094,0.002932551319648094,0.02932551319648094,0.017595307917888565,0.002932551319648094,0.008797653958944282,0.0,0.02346041055718475,0.12316715542521994,0.02932551319648094,0.04105571847507331,0.02346041055718475,0.07038123167155426
74,0.2122905027932961,0.05865921787709497,0.04748603351955307,0.027932960893854747,0.0893854748603352,0.0446927374301676,0.0223463687150838,0.0223463687150838,0.0,0.025139664804469275,0.030726256983240222,0.008379888268156424,0.019553072625698324,0.013966480446927373,0.04748603351955307,0.0223463687150838,0.0,0.008379888268156424,0.0111731843575419,0.01675977653631285,0.12569832402234637,0.025139664804469275,0.0223463687150838,0.00558659217877095,0.09217877094972067
75,0.3192019950124688,0.02493765586034913,0.057356608478802994,0.00997506234413965,0.12718204488778054,0.029925187032418952,0.004987531172069825,0.004987531172069825,0.004987531172069825,0.017456359102244388,0.04239401496259352,0.012468827930174564,0.02493765586034913,0.0024937655860349127,0.032418952618453865,0.014962593516209476,0.0,0.0024937655860349127,0.0,0.004987531172069825,0.12967581047381546,0.022443890274314215,0.02493765586034913,0.004987531172069825,0.0798004987531172
76,0.21288515406162464,0.03361344537815126,0.04201680672268908,0.022408963585434174,0.12324929971988796,0.05042016806722689,0.011204481792717087,0.0056022408963585435,0.0028011204481792717,0.025210084033613446,0.03361344537815126,0.011204481792717087,0.028011204481792718,0.0028011204481792717,0.036414565826330535,0.0196078431372549,0.0028011204481792717,0.011204481792717087,0.0056022408963585435,0.022408963585434174,0.11764705882352941,0.036414565826330535,0.025210084033613446,0.028011204481792718,0.0896358543417367
77,0.20051413881748073,0.04113110539845758,0.03598971722365039,0.02056555269922879,0.12853470437017994,0.056555269922879174,0.010282776349614395,0.005141388174807198,0.002570694087403599,0.028277634961439587,0.04884318766066838,0.010282776349614395,0.017994858611825194,0.007712082262210797,0.03598971722365039,0.007712082262210797,0.0,0.017994858611825194,0.002570694087403599,0.017994858611825194,0.11053984575835475,0.04113110539845758,0.04627249357326478,0.012853470437017995,0.09254498714652956
78,0.2346368715083799,0.04189944134078212,0.0446927374301676,0.013966480446927373,0.11452513966480447,0.04189944134078212,0.0111731843575419,0.013966480446927373,0.008379888268156424,0.0223463687150838,0.0446927374301676,0.0111731843575419,0.013966480446927373,0.008379888268156424,0.03910614525139665,0.008379888268156424,0.0111731843575419,0.0111731843575419,0.00558659217877095,0.01675977653631285,0.11731843575418995,0.0223463687150838,0.0335195530726257,0.01675977653631285,0.09217877094972067
79,0.23116883116883116,0.05714285714285714,0.033766233766233764,0.02857142857142857,0.13246753246753246,0.05714285714285714,0.005194805194805195,0.007792207792207792,0.0,0.02077922077922078,0.03116883116883117,0.005194805194805195,0.012987012987012988,0.005194805194805195,0.033766233766233764,0.023376623376623377,0.0,0.005194805194805195,0.005194805194805195,0.015584415584415584,0.13766233766233765,0.023376623376623377,0.02857142857142857,0.01038961038961039,0.08831168831168831
80,0.16452442159383032,0.05398457583547558,0.028277634961439587,0.007712082262210797,0.12853470437017994,0.05141388174807198,0.033419023136246784,0.015424164524421594,0.007712082262210797,0.033419023136246784,0.033419023136246784,0.005141388174807198,0.02570694087403599,0.010282776349614395,0.04884318766066838,0.010282776349614395,0.015424164524421594,0.012853470437017995,0.002570694087403599,0.012853470437017995,0.12082262210796915,0.033419023136246784,0.04113110539845758,0.02570694087403599,0.07712082262210797
81,0.2017291066282421,0.069164265129683,0.023054755043227664,0.025936599423631124,0.11527377521613832,0.07780979827089338,0.023054755043227664,0.005763688760806916,0.002881844380403458,0.04610951008645533,0.01440922190201729,0.011527377521613832,0.005763688760806916,0.005763688760806916,0.02881844380403458,0.025936599423631124,0.005763688760806916,0.005763688760806916,0.005763688760806916,0.01440922190201729,0.11527377521613832,0.04610951008645533,0.025936599423631124,0.01729106628242075,0.08069164265129683
82,0.1436950146627566,0.05571847507331378,0.04105571847507331,0.01466275659824047,0.11436950146627566,0.06744868035190615,0.026392961876832845,0.020527859237536656,0.002932551319648094,0.02346041055718475,0.02932551319648094,0.005865102639296188,0.01466275659824047,0.020527859237536656,0.04985337243401759,0.017595307917888565,0.005865102639296188,0.005865102639296188,0.002932551319648094,0.026392961876832845,0.11143695014662756,0.0469208211143695,0.03812316715542522,0.017595307917888565,0.0967741935483871
83,0.23076923076923078,0.04871794871794872,0.03333333333333333,0.03076923076923077,0.13076923076923078,0.05641025641025641,0.005128205128205128,0.007692307692307693,0.0,0.028205128205128206,0.03076923076923077,0.01282051282051282,0.015384615384615385,0.0,0.023076923076923078,0.017948717948717947,0.005128205128205128,0.005128205128205128,0.01282051282051282,0.020512820512820513,0.13846153846153847,0.02564102564102564,0.020512820512820513,0.017948717948717947,0.08205128205128205
84,0.19021739130434784,0.04891304347826087,0.043478260869565216,0.021739130434782608,0.125,0.06793478260869565,0.010869565217391304,0.005434782608695652,0.008152173913043478,0.024456521739130436,0.029891304347826088,0.010869565217391304,0.016304347826086956,0.0,0.04076086956521739,0.019021739130434784,0.002717391304347826,0.010869565217391304,0.008152173913043478,0.019021739130434784,0.12228260869565218,0.043478260869565216,0.021739130434782608,0.021739130434782608,0.08695652173913043
85,0.22062350119904076,0.045563549160671464,0.03357314148681055,0.014388489208633094,0.12709832134292565,0.050359712230215826,0.011990407673860911,0.011990407673860911,0.0,0.016786570743405275,0.03357314148681055,0.007194244604316547,0.019184652278177457,0.007194244604316547,0.03357314148681055,0.019184652278177457,0.0,0.011990407673860911,0.026378896882494004,0.016786570743405275,0.11750599520383694,0.026378896882494004,0.023980815347721823,0.026378896882494004,0.09832134292565947
86,0.256198347107438,0.0440771349862259,0.04132231404958678,0.01928374655647383,0.1349862258953168,0.05509641873278237,0.013774104683195593,0.005509641873278237,0.0,0.024793388429752067,0.04132231404958678,0.008264462809917356,0.01652892561983471,0.0027548209366391185,0.02203856749311295,0.01928374655647383,0.0,0.008264462809917356,0.0,0.01652892561983471,0.12396694214876033,0.03305785123966942,0.01928374655647383,0.02203856749311295,0.07162534435261708
87,0.28362573099415206,0.03508771929824561,0.014619883040935672,0.017543859649122806,0.14035087719298245,0.049707602339181284,0.005847953216374269,0.011695906432748537,0.0029239766081871343,0.023391812865497075,0.03216374269005848,0.008771929824561403,0.011695906432748537,0.005847953216374269,0.03508771929824561,0.014619883040935672,0.005847953216374269,0.008771929824561403,0.0029239766081871343,0.011695906432748537,0.10818713450292397,0.038011695906432746,0.04678362573099415,0.014619883040935672,0.07017543859649122
88,0.19395465994962216,0.05289672544080604,0.015113350125944584,0.017632241813602016,0.12342569269521411,0.060453400503778336,0.012594458438287154,0.015113350125944584,0.0025188916876574307,0.03526448362720403,0.030226700251889168,0.007556675062972292,0.010075566750629723,0.007556675062972292,0.0327455919395466,0.017632241813602016,0.005037783375314861,0.007556675062972292,0.005037783375314861,0.02518891687657431,0.0982367758186398,0.04785894206549118,0.04030226700251889,0.027707808564231738,0.10831234256926953
89,0.16839378238341968,0.046632124352331605,0.03626943005181347,0.04404145077720207,0.09844559585492228,0.05958549222797927,0.02072538860103627,0.02072538860103627,0.0,0.02849740932642487,0.04922279792746114,0.010362694300518135,0.02849740932642487,0.0051813471502590676,0.046632124352331605,0.018134715025906734,0.015544041450777202,0.012953367875647668,0.0025906735751295338,0.015544041450777202,0.09585492227979274,0.03626943005181347,0.04145077720207254,0.015544041450777202,0.08290155440414508
90,0.17096018735362997,0.03981264637002342,0.02810304449648712,0.0234192037470726,0.13114754098360656,0.03747072599531616,0.00468384074941452,0.00702576112412178,0.00702576112412178,0.04449648711943794,0.03278688524590164,0.01405152224824356,0.01873536299765808,0.00702576112412178,0.03278688524590164,0.0234192037470726,0.00468384074941452,0.00702576112412178,0.00936768149882904,0.01405152224824356,0.12646370023419204,0.03747072599531616,0.04449648711943794,0.0117096018735363,0.12177985948477751
91,0.2219730941704036,0.02914798206278027,0.04708520179372197,0.01569506726457399,0.15246636771300448,0.03587443946188341,0.004484304932735426,0.004484304932735426,0.004484304932735426,0.02242152466367713,0.04708520179372197,0.008968609865470852,0.01569506726457399,0.004484304932735426,0.03811659192825112,0.020179372197309416,0.0,0.002242152466367713,0.006726457399103139,0.017937219730941704,0.1412556053811659,0.02914798206278027,0.04484304932735426,0.01569506726457399,0.06950672645739911
92,0.199438202247191,0.06179775280898876,0.02247191011235955,0.02247191011235955,0.1151685393258427,0.06460674157303371,0.008426966292134831,0.008426966292134831,0.011235955056179775,0.03932584269662921,0.033707865168539325,0.011235955056179775,0.025280898876404494,0.008426966292134831,0.025280898876404494,0.025280898876404494,0.019662921348314606,0.0056179775280898875,0.014044943820224719,0.016853932584269662,0.09550561797752809,0.03089887640449438,0.042134831460674156,0.025280898876404494,0.06741573033707865
93,0.18958333333333333,0.03958333333333333,0.03125,0.01875,0.13333333333333333,0.027083333333333334,0.016666666666666666,0.010416666666666666,0.0020833333333333333,0.03125,0.0375,0.004166666666666667,0.0125,0.00625,0.03125,0.022916666666666665,0.00625,0.004166666666666667,0.010416666666666666,0.03125,0.13333333333333333,0.020833333333333332,0.03333333333333333,0.0375,0.10833333333333334
94,0.1661721068249258,0.05934718100890208,0.04451038575667656,0.017804154302670624,0.10385756676557864,0.06231454005934718,0.02967359050445104,0.017804154302670624,0.002967359050445104,0.02967359050445104,0.04154302670623145,0.011869436201780416,0.020771513353115726,0.011869436201780416,0.032640949554896145,0.02373887240356083,0.005934718100890208,0.002967359050445104,0.002967359050445104,0.01483679525222552,0.09792284866468842,0.03560830860534125,0.032640949554896145,0.01483679525222552,0.11572700296735905
