,0,1,2,3,4,5,6,7,8,9,10,11,12,13,14,15,16,17,18,19,20,21,22,23,24,25,26,27,28,29,30,31,32,33,34,35,36,37,38,39,40,41,42,43,44,45,46,47,48,49,50,51,52,53,54,55,56,57,58,59,60,61,62,63,64,65,66,67,68,69,70,71,72,73,74,75,76,77,78,79,80,81,82,83,84,85,86,87,88,89,90,91,92,93,94,95,96,97,98,99,100,101,102,103,104,105,106,107,108,109,110,111,112,113,114,115,116,117,118,119,120,121,122,123,124,125,126,127,128,129,130,131,132,133,134,135,136,137,138,139,140,141,142,143,144,145,146,147,148,149
0,0.15778251599147122,0.0255863539445629,0.04477611940298507,0.02771855010660981,0.13219616204690832,0.031982942430703626,0.008528784648187633,0.008528784648187633,0.006396588486140725,0.023454157782515993,0.029850746268656716,0.010660980810234541,0.008528784648187633,0.01279317697228145,0.057569296375266525,0.029850746268656716,0.0021321961620469083,0.017057569296375266,0.010660980810234541,0.023454157782515993,0.13859275053304904,0.031982942430703626,0.04051172707889126,0.0255863539445629,0.09381663113006397,0.12606837606837606,0.03632478632478633,0.049145299145299144,0.049145299145299144,0.1282051282051282,0.027777777777777776,0.002136752136752137,0.008547008547008548,0.00641025641025641,0.03418803418803419,0.053418803418803416,0.010683760683760684,0.014957264957264958,0.002136752136752137,0.03632478632478633,0.029914529914529916,0.004273504273504274,0.014957264957264958,0.0,0.03418803418803419,0.14957264957264957,0.02564102564102564,0.03205128205128205,0.02564102564102564,0.09829059829059829,0.14989293361884368,0.02569593147751606,0.055674518201284794,0.04068522483940043,0.11777301927194861,0.02569593147751606,0.0021413276231263384,0.010706638115631691,0.006423982869379015,0.034261241970021415,0.03640256959314775,0.019271948608137045,0.010706638115631691,0.008565310492505354,0.042826552462526764,0.027837259100642397,0.008565310492505354,0.010706638115631691,0.006423982869379015,0.029978586723768737,0.145610278372591,0.023554603854389723,0.032119914346895075,0.021413276231263382,0.10706638115631692,0.15236051502145923,0.034334763948497854,0.06223175965665236,0.023605150214592276,0.11802575107296137,0.019313304721030045,0.012875536480686695,0.006437768240343348,0.008583690987124463,0.032188841201716736,0.06437768240343347,0.008583690987124463,0.006437768240343348,0.004291845493562232,0.034334763948497854,0.045064377682403435,0.006437768240343348,0.006437768240343348,0.006437768240343348,0.019313304721030045,0.10515021459227468,0.017167381974248927,0.03862660944206009,0.03862660944206009,0.12875536480686695,0.14193548387096774,0.03655913978494624,0.047311827956989246,0.023655913978494623,0.13978494623655913,0.034408602150537634,0.0064516129032258064,0.0064516129032258064,0.0,0.03225806451612903,0.05591397849462366,0.008602150537634409,0.008602150537634409,0.008602150537634409,0.03655913978494624,0.03225806451612903,0.0,0.012903225806451613,0.008602150537634409,0.030107526881720432,0.12258064516129032,0.02795698924731183,0.04516129032258064,0.04086021505376344,0.09247311827956989,0.15086206896551724,0.032327586206896554,0.03879310344827586,0.03017241379310345,0.13577586206896552,0.036637931034482756,0.00646551724137931,0.0,0.004310344827586207,0.032327586206896554,0.036637931034482756,0.017241379310344827,0.01293103448275862,0.008620689655172414,0.04310344827586207,0.034482758620689655,0.004310344827586207,0.010775862068965518,0.004310344827586207,0.03017241379310345,0.12931034482758622,0.01939655172413793,0.05603448275862069,0.034482758620689655,0.09051724137931035
1,0.15656565656565657,0.037037037037037035,0.05218855218855219,0.050505050505050504,0.1026936026936027,0.026936026936026935,0.006734006734006734,0.008417508417508417,0.008417508417508417,0.021885521885521887,0.05218855218855219,0.006734006734006734,0.026936026936026935,0.013468013468013467,0.045454545454545456,0.04040404040404041,0.008417508417508417,0.020202020202020204,0.006734006734006734,0.025252525252525252,0.12289562289562289,0.013468013468013467,0.037037037037037035,0.021885521885521887,0.08754208754208755,0.16694772344013492,0.023608768971332208,0.05564924114671164,0.04215851602023609,0.11129848229342328,0.02023608768971332,0.006745362563237774,0.006745362563237774,0.011804384485666104,0.026981450252951095,0.06070826306913996,0.008431703204047217,0.02866779089376054,0.006745362563237774,0.04047217537942664,0.04384485666104553,0.006745362563237774,0.011804384485666104,0.01517706576728499,0.023608768971332208,0.10792580101180438,0.026981450252951095,0.04215851602023609,0.025295109612141653,0.07925801011804384,0.16216216216216217,0.037162162162162164,0.052364864864864864,0.04054054054054054,0.10641891891891891,0.030405405405405407,0.0033783783783783786,0.006756756756756757,0.0033783783783783786,0.028716216216216218,0.057432432432432436,0.006756756756756757,0.02533783783783784,0.015202702702702704,0.04054054054054054,0.04222972972972973,0.005067567567567568,0.02027027027027027,0.008445945945945946,0.02533783783783784,0.10641891891891891,0.02027027027027027,0.04054054054054054,0.033783783783783786,0.08108108108108109,0.15905245346869712,0.032148900169204735,0.05583756345177665,0.04060913705583756,0.1116751269035533,0.030456852791878174,0.001692047377326565,0.005076142131979695,0.01015228426395939,0.025380710659898477,0.05414551607445008,0.008460236886632826,0.0338409475465313,0.01692047377326565,0.032148900169204735,0.04568527918781726,0.00676818950930626,0.01353637901861252,0.01015228426395939,0.025380710659898477,0.10998307952622674,0.023688663282571912,0.03722504230118443,0.023688663282571912,0.08629441624365482,0.14067796610169492,0.03220338983050847,0.05254237288135593,0.05423728813559322,0.12033898305084746,0.03220338983050847,0.001694915254237288,0.006779661016949152,0.00847457627118644,0.022033898305084745,0.06779661016949153,0.006779661016949152,0.022033898305084745,0.005084745762711864,0.04406779661016949,0.04745762711864407,0.006779661016949152,0.020338983050847456,0.006779661016949152,0.020338983050847456,0.11016949152542373,0.025423728813559324,0.04406779661016949,0.02711864406779661,0.07457627118644068,0.15789473684210525,0.023769100169779286,0.06960950764006792,0.03735144312393888,0.11035653650254669,0.027164685908319185,0.0050933786078098476,0.006791171477079796,0.006791171477079796,0.025466893039049237,0.050933786078098474,0.013582342954159592,0.015280135823429542,0.023769100169779286,0.042444821731748725,0.04753820033955857,0.008488964346349746,0.015280135823429542,0.0050933786078098476,0.025466893039049237,0.11544991511035653,0.022071307300509338,0.03735144312393888,0.028862478777589132,0.07809847198641766
2,0.13043478260869565,0.02835538752362949,0.05671077504725898,0.043478260869565216,0.10964083175803403,0.022684310018903593,0.003780718336483932,0.00945179584120983,0.007561436672967864,0.01890359168241966,0.05103969754253308,0.005671077504725898,0.030245746691871456,0.01890359168241966,0.05103969754253308,0.045368620037807186,0.007561436672967864,0.015122873345935728,0.005671077504725898,0.020793950850661626,0.11720226843100189,0.017013232514177693,0.045368620037807186,0.01890359168241966,0.11909262759924386,0.14015151515151514,0.020833333333333332,0.07386363636363637,0.032196969696969696,0.10227272727272728,0.01893939393939394,0.001893939393939394,0.005681818181818182,0.013257575757575758,0.022727272727272728,0.07196969696969698,0.00946969696969697,0.022727272727272728,0.011363636363636364,0.041666666666666664,0.041666666666666664,0.001893939393939394,0.013257575757575758,0.007575757575757576,0.030303030303030304,0.0946969696969697,0.028409090909090908,0.041666666666666664,0.028409090909090908,0.12310606060606061,0.14231499051233396,0.024667931688804556,0.04933586337760911,0.030360531309297913,0.12333965844402277,0.036053130929791274,0.0018975332068311196,0.003795066413662239,0.003795066413662239,0.017077798861480076,0.04743833017077799,0.015180265654648957,0.028462998102466792,0.020872865275142316,0.04554079696394687,0.036053130929791274,0.003795066413662239,0.022770398481973434,0.003795066413662239,0.028462998102466792,0.10436432637571158,0.017077798861480076,0.05313092979127135,0.03415559772296015,0.1062618595825427,0.12737642585551331,0.024714828897338403,0.06463878326996197,0.04182509505703422,0.11216730038022814,0.024714828897338403,0.0019011406844106464,0.013307984790874524,0.0019011406844106464,0.02091254752851711,0.058935361216730035,0.009505703422053232,0.03612167300380228,0.005703422053231939,0.04752851711026616,0.04182509505703422,0.005703422053231939,0.011406844106463879,0.009505703422053232,0.026615969581749048,0.11406844106463879,0.02091254752851711,0.030418250950570342,0.034220532319391636,0.11406844106463879,0.13523809523809524,0.02095238095238095,0.05333333333333334,0.03619047619047619,0.12571428571428572,0.024761904761904763,0.005714285714285714,0.011428571428571429,0.0019047619047619048,0.01904761904761905,0.06476190476190476,0.009523809523809525,0.022857142857142857,0.009523809523809525,0.05142857142857143,0.03428571428571429,0.007619047619047619,0.02666666666666667,0.013333333333333334,0.013333333333333334,0.10857142857142857,0.01904761904761905,0.0419047619047619,0.03238095238095238,0.11047619047619048,0.1431297709923664,0.022900763358778626,0.0648854961832061,0.03435114503816794,0.10687022900763359,0.02862595419847328,0.0057251908396946565,0.003816793893129771,0.0057251908396946565,0.019083969465648856,0.05725190839694656,0.011450381679389313,0.022900763358778626,0.013358778625954198,0.05343511450381679,0.04198473282442748,0.007633587786259542,0.009541984732824428,0.009541984732824428,0.026717557251908396,0.09732824427480916,0.015267175572519083,0.05534351145038168,0.030534351145038167,0.11259541984732824
3,0.20616113744075829,0.02132701421800948,0.05924170616113744,0.054502369668246446,0.11848341232227488,0.02132701421800948,0.004739336492890996,0.0071090047393364926,0.004739336492890996,0.011848341232227487,0.05924170616113744,0.009478672985781991,0.03317535545023697,0.014218009478672985,0.02132701421800948,0.054502369668246446,0.0071090047393364926,0.011848341232227487,0.02132701421800948,0.03317535545023697,0.11611374407582939,0.0071090047393364926,0.026066350710900472,0.035545023696682464,0.04028436018957346,0.22565320665083136,0.019002375296912115,0.0688836104513064,0.0498812351543943,0.09501187648456057,0.019002375296912115,0.0023752969121140144,0.0166270783847981,0.007125890736342043,0.004750593824228029,0.06175771971496437,0.009501187648456057,0.019002375296912115,0.021377672209026127,0.026128266033254157,0.07363420427553444,0.004750593824228029,0.007125890736342043,0.030878859857482184,0.011876484560570071,0.07838479809976247,0.014251781472684086,0.026128266033254157,0.021377672209026127,0.0855106888361045,0.2119047619047619,0.016666666666666666,0.05,0.08095238095238096,0.09761904761904762,0.023809523809523808,0.0,0.007142857142857143,0.004761904761904762,0.014285714285714285,0.06904761904761905,0.009523809523809525,0.02142857142857143,0.009523809523809525,0.02857142857142857,0.05714285714285714,0.007142857142857143,0.02857142857142857,0.016666666666666666,0.01904761904761905,0.09761904761904762,0.016666666666666666,0.030952380952380953,0.01904761904761905,0.06190476190476191,0.20286396181384247,0.028639618138424822,0.059665871121718374,0.06682577565632458,0.09785202863961814,0.02386634844868735,0.002386634844868735,0.007159904534606206,0.00477326968973747,0.011933174224343675,0.07875894988066826,0.0,0.02386634844868735,0.016706443914081145,0.01909307875894988,0.07398568019093078,0.007159904534606206,0.007159904534606206,0.016706443914081145,0.02386634844868735,0.081145584725537,0.011933174224343675,0.0405727923627685,0.026252983293556086,0.06682577565632458,0.22009569377990432,0.0215311004784689,0.05980861244019139,0.05263157894736842,0.10287081339712918,0.023923444976076555,0.0,0.0023923444976076554,0.007177033492822967,0.01674641148325359,0.050239234449760764,0.004784688995215311,0.028708133971291867,0.019138755980861243,0.03588516746411483,0.06698564593301436,0.009569377990430622,0.01674641148325359,0.023923444976076555,0.009569377990430622,0.09808612440191387,0.014354066985645933,0.03110047846889952,0.028708133971291867,0.05502392344497608,0.22062350119904076,0.03117505995203837,0.0815347721822542,0.047961630695443645,0.07434052757793765,0.03597122302158273,0.0,0.0,0.004796163069544364,0.009592326139088728,0.05515587529976019,0.009592326139088728,0.011990407673860911,0.02158273381294964,0.0407673860911271,0.05515587529976019,0.004796163069544364,0.02158273381294964,0.019184652278177457,0.026378896882494004,0.09112709832134293,0.004796163069544364,0.023980815347721823,0.03836930455635491,0.06954436450839328
4,0.14990138067061143,0.029585798816568046,0.05128205128205128,0.03944773175542406,0.11045364891518737,0.03353057199211045,0.0039447731755424065,0.013806706114398421,0.005917159763313609,0.009861932938856016,0.05917159763313609,0.009861932938856016,0.03550295857988166,0.015779092702169626,0.03353057199211045,0.03944773175542406,0.009861932938856016,0.01775147928994083,0.021696252465483234,0.02564102564102564,0.09861932938856016,0.013806706114398421,0.03550295857988166,0.03155818540433925,0.10453648915187377,0.16205533596837945,0.019762845849802372,0.05533596837944664,0.041501976284584984,0.10276679841897234,0.019762845849802372,0.001976284584980237,0.01383399209486166,0.011857707509881422,0.019762845849802372,0.06126482213438735,0.01383399209486166,0.021739130434782608,0.017786561264822136,0.039525691699604744,0.04743083003952569,0.007905138339920948,0.015810276679841896,0.017786561264822136,0.025691699604743084,0.09090909090909091,0.023715415019762844,0.04743083003952569,0.025691699604743084,0.09486166007905138,0.15643564356435644,0.023762376237623763,0.04950495049504951,0.061386138613861385,0.0891089108910891,0.033663366336633666,0.0,0.011881188118811881,0.005940594059405941,0.015841584158415842,0.05148514851485148,0.01782178217821782,0.027722772277227723,0.007920792079207921,0.04950495049504951,0.041584158415841586,0.005940594059405941,0.02574257425742574,0.007920792079207921,0.033663366336633666,0.09900990099009901,0.019801980198019802,0.039603960396039604,0.031683168316831684,0.09306930693069307,0.14484126984126985,0.03373015873015873,0.061507936507936505,0.051587301587301584,0.08928571428571429,0.03571428571428571,0.001984126984126984,0.007936507936507936,0.005952380952380952,0.013888888888888888,0.061507936507936505,0.007936507936507936,0.023809523809523808,0.015873015873015872,0.04563492063492063,0.05555555555555555,0.005952380952380952,0.017857142857142856,0.005952380952380952,0.02976190476190476,0.08531746031746032,0.017857142857142856,0.04365079365079365,0.03373015873015873,0.10317460317460317,0.14314115308151093,0.02186878727634195,0.07157057654075547,0.03777335984095427,0.10536779324055666,0.027833001988071572,0.003976143141153081,0.003976143141153081,0.009940357852882704,0.019880715705765408,0.04771371769383698,0.005964214711729622,0.02584493041749503,0.02186878727634195,0.0536779324055666,0.04771371769383698,0.015904572564612324,0.017892644135188866,0.009940357852882704,0.02385685884691849,0.1172962226640159,0.019880715705765408,0.03578528827037773,0.03180914512922465,0.07952286282306163,0.14940239043824702,0.035856573705179286,0.07768924302788845,0.035856573705179286,0.08167330677290836,0.029880478087649404,0.00199203187250996,0.00398406374501992,0.00597609561752988,0.02390438247011952,0.05179282868525897,0.0099601593625498,0.013944223107569721,0.017928286852589643,0.05976095617529881,0.04183266932270916,0.00398406374501992,0.0199203187250996,0.017928286852589643,0.03187250996015936,0.11155378486055777,0.01593625498007968,0.037848605577689244,0.03386454183266932,0.08565737051792828
5,0.13347921225382933,0.024070021881838075,0.0525164113785558,0.0525164113785558,0.10940919037199125,0.0262582056892779,0.00437636761487965,0.010940919037199124,0.0087527352297593,0.015317286652078774,0.061269146608315096,0.01312910284463895,0.0350109409190372,0.010940919037199124,0.0262582056892779,0.04814004376367615,0.010940919037199124,0.010940919037199124,0.0262582056892779,0.037199124726477024,0.10284463894967177,0.01312910284463895,0.037199124726477024,0.0350109409190372,0.09409190371991247,0.1513157894736842,0.017543859649122806,0.05921052631578947,0.05043859649122807,0.09429824561403509,0.015350877192982455,0.0021929824561403508,0.015350877192982455,0.013157894736842105,0.019736842105263157,0.05701754385964912,0.015350877192982455,0.019736842105263157,0.02412280701754386,0.02850877192982456,0.05263157894736842,0.006578947368421052,0.010964912280701754,0.02412280701754386,0.039473684210526314,0.09649122807017543,0.02412280701754386,0.041666666666666664,0.019736842105263157,0.10087719298245613,0.13846153846153847,0.02197802197802198,0.04835164835164835,0.06593406593406594,0.0967032967032967,0.026373626373626374,0.0,0.01098901098901099,0.008791208791208791,0.01978021978021978,0.04835164835164835,0.015384615384615385,0.026373626373626374,0.015384615384615385,0.03956043956043956,0.04835164835164835,0.004395604395604396,0.02197802197802198,0.01098901098901099,0.04835164835164835,0.11208791208791209,0.024175824175824177,0.03956043956043956,0.03076923076923077,0.07692307692307693,0.1343612334801762,0.03524229074889868,0.048458149779735685,0.05947136563876652,0.0947136563876652,0.028634361233480177,0.004405286343612335,0.006607929515418502,0.006607929515418502,0.019823788546255508,0.06387665198237885,0.004405286343612335,0.02643171806167401,0.015418502202643172,0.03524229074889868,0.05947136563876652,0.006607929515418502,0.022026431718061675,0.00881057268722467,0.03524229074889868,0.08590308370044053,0.015418502202643172,0.04405286343612335,0.04185022026431718,0.09691629955947137,0.13024282560706402,0.02207505518763797,0.05077262693156733,0.04194260485651214,0.12582781456953643,0.02869757174392936,0.002207505518763797,0.004415011037527594,0.011037527593818985,0.019867549668874173,0.052980132450331126,0.004415011037527594,0.026490066225165563,0.026490066225165563,0.03532008830022075,0.05518763796909492,0.01545253863134658,0.019867549668874173,0.017660044150110375,0.024282560706401765,0.10596026490066225,0.02207505518763797,0.046357615894039736,0.033112582781456956,0.0772626931567329,0.1504424778761062,0.030973451327433628,0.07300884955752213,0.03761061946902655,0.07743362831858407,0.030973451327433628,0.0022123893805309734,0.0022123893805309734,0.011061946902654867,0.01991150442477876,0.04424778761061947,0.008849557522123894,0.017699115044247787,0.015486725663716814,0.059734513274336286,0.04424778761061947,0.008849557522123894,0.024336283185840708,0.017699115044247787,0.03761061946902655,0.10176991150442478,0.015486725663716814,0.030973451327433628,0.048672566371681415,0.08849557522123894
6,0.11984536082474227,0.024484536082474227,0.03865979381443299,0.03221649484536082,0.13144329896907217,0.019329896907216496,0.003865979381443299,0.01288659793814433,0.007731958762886598,0.024484536082474227,0.03994845360824742,0.007731958762886598,0.015463917525773196,0.01288659793814433,0.037371134020618556,0.03608247422680412,0.00902061855670103,0.007731958762886598,0.015463917525773196,0.041237113402061855,0.13015463917525774,0.023195876288659795,0.03994845360824742,0.041237113402061855,0.12757731958762886,0.1135483870967742,0.027096774193548386,0.03612903225806452,0.04645161290322581,0.12387096774193548,0.016774193548387096,0.005161290322580645,0.012903225806451613,0.0064516129032258064,0.027096774193548386,0.04774193548387097,0.007741935483870968,0.015483870967741935,0.015483870967741935,0.027096774193548386,0.03612903225806452,0.007741935483870968,0.014193548387096775,0.00903225806451613,0.04258064516129032,0.13161290322580646,0.02064516129032258,0.03612903225806452,0.03096774193548387,0.14193548387096774,0.12144702842377261,0.023255813953488372,0.025839793281653745,0.046511627906976744,0.13049095607235142,0.031007751937984496,0.006459948320413436,0.00516795865633075,0.00904392764857881,0.016795865633074936,0.04909560723514212,0.00904392764857881,0.015503875968992248,0.007751937984496124,0.031007751937984496,0.03229974160206718,0.00904392764857881,0.020671834625323,0.015503875968992248,0.03229974160206718,0.1124031007751938,0.020671834625323,0.04780361757105943,0.029715762273901807,0.1511627906976744,0.11384217335058215,0.02328589909443726,0.04657179818887452,0.045278137128072445,0.11901681759379043,0.02199223803363519,0.00646830530401035,0.01034928848641656,0.00258732212160414,0.0258732212160414,0.04398447606727038,0.00258732212160414,0.014230271668822769,0.01034928848641656,0.04139715394566624,0.03363518758085381,0.00517464424320828,0.01164294954721863,0.01034928848641656,0.04915912031047866,0.1332470892626132,0.031047865459249677,0.031047865459249677,0.040103492884864166,0.12677878395860284,0.10362694300518134,0.031088082901554404,0.042746113989637305,0.04015544041450777,0.12953367875647667,0.02849740932642487,0.0025906735751295338,0.006476683937823834,0.0051813471502590676,0.02461139896373057,0.038860103626943004,0.006476683937823834,0.006476683937823834,0.011658031088082901,0.04922279792746114,0.04792746113989637,0.007772020725388601,0.012953367875647668,0.010362694300518135,0.031088082901554404,0.12823834196891193,0.02072538860103627,0.04533678756476684,0.04015544041450777,0.12823834196891193,0.11802853437094682,0.02594033722438392,0.042801556420233464,0.03372243839169909,0.125810635538262,0.029831387808041506,0.0025940337224383916,0.00648508430609598,0.00648508430609598,0.02204928664072633,0.03761348897535668,0.00648508430609598,0.011673151750972763,0.01556420233463035,0.041504539559014265,0.04669260700389105,0.00648508430609598,0.010376134889753566,0.011673151750972763,0.03501945525291829,0.11543450064850844,0.027237354085603113,0.042801556420233464,0.040207522697795074,0.13748378728923477
7,0.1375921375921376,0.014742014742014743,0.056511056511056514,0.036855036855036855,0.12285012285012285,0.022113022113022112,0.004914004914004914,0.009828009828009828,0.007371007371007371,0.0171990171990172,0.056511056511056514,0.014742014742014743,0.02702702702702703,0.009828009828009828,0.04668304668304668,0.03931203931203931,0.007371007371007371,0.0171990171990172,0.009828009828009828,0.03194103194103194,0.11302211302211303,0.019656019656019656,0.044226044226044224,0.04176904176904177,0.09090909090909091,0.1330049261083744,0.024630541871921183,0.059113300492610835,0.03940886699507389,0.11330049261083744,0.019704433497536946,0.0,0.014778325123152709,0.012315270935960592,0.014778325123152709,0.05172413793103448,0.017241379310344827,0.029556650246305417,0.007389162561576354,0.04926108374384237,0.04926108374384237,0.0049261083743842365,0.009852216748768473,0.012315270935960592,0.029556650246305417,0.11576354679802955,0.014778325123152709,0.04187192118226601,0.034482758620689655,0.10098522167487685,0.1382716049382716,0.022222222222222223,0.056790123456790124,0.04938271604938271,0.1037037037037037,0.02962962962962963,0.0024691358024691358,0.009876543209876543,0.0049382716049382715,0.014814814814814815,0.05925925925925926,0.009876543209876543,0.027160493827160494,0.009876543209876543,0.04691358024691358,0.044444444444444446,0.0049382716049382715,0.024691358024691357,0.0049382716049382715,0.027160493827160494,0.09876543209876543,0.022222222222222223,0.037037037037037035,0.037037037037037035,0.11358024691358025,0.1311881188118812,0.019801980198019802,0.05198019801980198,0.0594059405940594,0.10891089108910891,0.022277227722772276,0.007425742574257425,0.012376237623762377,0.0049504950495049506,0.01485148514851485,0.054455445544554455,0.012376237623762377,0.027227722772277228,0.01485148514851485,0.04455445544554455,0.04455445544554455,0.007425742574257425,0.01485148514851485,0.009900990099009901,0.0297029702970297,0.1188118811881188,0.01485148514851485,0.04950495049504951,0.017326732673267328,0.10643564356435643,0.13647642679900746,0.03225806451612903,0.05459057071960298,0.03722084367245657,0.11166253101736973,0.02977667493796526,0.0,0.01240694789081886,0.0,0.019851116625310174,0.04466501240694789,0.01488833746898263,0.034739454094292806,0.01240694789081886,0.04466501240694789,0.03225806451612903,0.007444168734491315,0.019851116625310174,0.01240694789081886,0.034739454094292806,0.12903225806451613,0.007444168734491315,0.034739454094292806,0.04218362282878412,0.09429280397022333,0.1691542288557214,0.022388059701492536,0.03731343283582089,0.03731343283582089,0.10696517412935323,0.022388059701492536,0.004975124378109453,0.012437810945273632,0.012437810945273632,0.009950248756218905,0.05223880597014925,0.009950248756218905,0.024875621890547265,0.017412935323383085,0.0472636815920398,0.03482587064676617,0.004975124378109453,0.024875621890547265,0.004975124378109453,0.03731343283582089,0.0945273631840796,0.01990049751243781,0.05721393034825871,0.03233830845771144,0.10199004975124377
8,0.16430903155603918,0.02720348204570185,0.041349292709466814,0.042437431991294884,0.1044613710554951,0.023939064200217627,0.009793253536452665,0.01088139281828074,0.004352557127312296,0.026115342763873776,0.04570184983677911,0.007616974972796518,0.015233949945593036,0.01088139281828074,0.029379760609358,0.04026115342763874,0.009793253536452665,0.006528835690968444,0.01632208922742111,0.02720348204570185,0.1044613710554951,0.020674646354733407,0.03482045701849837,0.026115342763873776,0.1501632208922742,0.16339869281045752,0.02505446623093682,0.03594771241830065,0.04357298474945534,0.11220043572984749,0.02287581699346405,0.006535947712418301,0.00980392156862745,0.007625272331154684,0.02832244008714597,0.04030501089324619,0.011982570806100218,0.018518518518518517,0.00980392156862745,0.02832244008714597,0.0457516339869281,0.008714596949891068,0.008714596949891068,0.007625272331154684,0.029411764705882353,0.10675381263616558,0.02287581699346405,0.03594771241830065,0.030501089324618737,0.1394335511982571,0.1624863685932388,0.022900763358778626,0.04034896401308615,0.03162486368593239,0.12322791712104689,0.04143947655398037,0.004362050163576881,0.004362050163576881,0.0054525627044711015,0.019629225736095966,0.026172300981461286,0.014176663031624863,0.015267175572519083,0.013086150490730643,0.03925845147219193,0.03598691384950927,0.006543075245365322,0.008724100327153763,0.009814612868047983,0.03925845147219193,0.11232279171210469,0.027262813522355506,0.04034896401308615,0.03925845147219193,0.11668484187568157,0.1572052401746725,0.026200873362445413,0.04148471615720524,0.039301310043668124,0.1168122270742358,0.027292576419213975,0.008733624454148471,0.012008733624454149,0.0054585152838427945,0.02074235807860262,0.04475982532751092,0.007641921397379912,0.010917030567685589,0.007641921397379912,0.03711790393013101,0.039301310043668124,0.007641921397379912,0.009825327510917031,0.010917030567685589,0.03275109170305677,0.11026200873362445,0.025109170305676855,0.034934497816593885,0.036026200873362446,0.1299126637554585,0.1551912568306011,0.030601092896174863,0.036065573770491806,0.034972677595628415,0.12459016393442623,0.03278688524590164,0.001092896174863388,0.007650273224043716,0.006557377049180328,0.025136612021857924,0.034972677595628415,0.012021857923497269,0.012021857923497269,0.013114754098360656,0.036065573770491806,0.03715846994535519,0.008743169398907104,0.013114754098360656,0.004371584699453552,0.03715846994535519,0.1180327868852459,0.022950819672131147,0.040437158469945354,0.040437158469945354,0.11475409836065574,0.14770240700218817,0.036105032822757115,0.04266958424507659,0.0350109409190372,0.11925601750547046,0.03172866520787746,0.005470459518599562,0.007658643326039387,0.0087527352297593,0.019693654266958426,0.037199124726477024,0.0087527352297593,0.010940919037199124,0.014223194748358862,0.037199124726477024,0.04157549234135667,0.006564551422319475,0.006564551422319475,0.00437636761487965,0.04157549234135667,0.11925601750547046,0.018599562363238512,0.04157549234135667,0.037199124726477024,0.12035010940919037
9,0.09664292980671414,0.017293997965412006,0.04069175991861648,0.029501525940996948,0.1363173957273652,0.02034587995930824,0.009155645981688708,0.012207527975584944,0.006103763987792472,0.024415055951169887,0.03153611393692777,0.006103763987792472,0.013224821973550356,0.013224821973550356,0.04577822990844354,0.03153611393692777,0.006103763987792472,0.009155645981688708,0.011190233977619531,0.03255340793489318,0.13936927772126145,0.0335707019328586,0.03560528992878942,0.030518819938962362,0.167853509664293,0.0845213849287169,0.026476578411405296,0.03665987780040733,0.032586558044806514,0.14052953156822812,0.019348268839103868,0.009164969450101833,0.013238289205702648,0.009164969450101833,0.021384928716904276,0.034623217922606926,0.010183299389002037,0.01120162932790224,0.014256619144602852,0.038696537678207736,0.034623217922606926,0.004073319755600814,0.010183299389002037,0.008146639511201629,0.03360488798370672,0.14663951120162932,0.02240325865580448,0.03971486761710794,0.025458248472505093,0.17311608961303462,0.1111111111111111,0.026503567787971458,0.03058103975535168,0.03160040774719674,0.12130479102956167,0.027522935779816515,0.009174311926605505,0.007135575942915392,0.00815494393476045,0.020387359836901122,0.03873598369011213,0.0050968399592252805,0.0163098878695209,0.0061162079510703364,0.0417940876656473,0.020387359836901122,0.014271151885830785,0.013251783893985729,0.011213047910295617,0.03160040774719674,0.12232415902140673,0.017329255861365953,0.04383282364933741,0.0326197757390418,0.19164118246687054,0.12040816326530612,0.017346938775510204,0.03775510204081633,0.02857142857142857,0.11734693877551021,0.022448979591836733,0.0020408163265306124,0.01020408163265306,0.009183673469387756,0.027551020408163266,0.03877551020408163,0.00510204081632653,0.013265306122448979,0.011224489795918367,0.03979591836734694,0.024489795918367346,0.011224489795918367,0.009183673469387756,0.01020408163265306,0.03571428571428571,0.11428571428571428,0.036734693877551024,0.03979591836734694,0.030612244897959183,0.186734693877551,0.09397344228804903,0.02553626149131767,0.03983656792645557,0.0296220633299285,0.13278855975485188,0.02349336057201226,0.0030643513789581204,0.010214504596527068,0.009193054136874362,0.024514811031664963,0.03575076608784474,0.006128702757916241,0.009193054136874362,0.008171603677221655,0.049029622063329927,0.028600612870275793,0.011235955056179775,0.012257405515832482,0.007150153217568948,0.031664964249233915,0.13789581205311544,0.026557711950970377,0.03881511746680286,0.03575076608784474,0.16956077630234934,0.09713701431492842,0.024539877300613498,0.044989775051124746,0.026584867075664622,0.1278118609406953,0.02965235173824131,0.005112474437627812,0.0081799591002045,0.009202453987730062,0.018404907975460124,0.026584867075664622,0.005112474437627812,0.015337423312883436,0.0081799591002045,0.053169734151329244,0.03885480572597137,0.0081799591002045,0.00408997955010225,0.009202453987730062,0.03067484662576687,0.1278118609406953,0.028629856850715747,0.03783231083844581,0.03680981595092025,0.17791411042944785
10,0.1834763948497854,0.022532188841201718,0.03862660944206009,0.028969957081545063,0.12875536480686695,0.018240343347639486,0.004291845493562232,0.0075107296137339056,0.003218884120171674,0.028969957081545063,0.0407725321888412,0.008583690987124463,0.01072961373390558,0.01072961373390558,0.03111587982832618,0.03648068669527897,0.0075107296137339056,0.004291845493562232,0.018240343347639486,0.030042918454935622,0.1223175965665236,0.019313304721030045,0.04184549356223176,0.03540772532188841,0.11802575107296137,0.16326530612244897,0.022556390977443608,0.04403866809881848,0.0397422126745435,0.13319011815252416,0.02040816326530612,0.00322234156820623,0.013963480128893663,0.0053705692803437165,0.01933404940923738,0.03866809881847476,0.008592910848549946,0.013963480128893663,0.00966702470461869,0.03007518796992481,0.0397422126745435,0.00322234156820623,0.00644468313641246,0.013963480128893663,0.03329752953813104,0.13963480128893663,0.024704618689581095,0.024704618689581095,0.027926960257787327,0.12030075187969924,0.1774193548387097,0.017204301075268817,0.04408602150537634,0.03333333333333333,0.13118279569892474,0.026881720430107527,0.008602150537634409,0.0032258064516129032,0.0064516129032258064,0.017204301075268817,0.041935483870967745,0.0032258064516129032,0.013978494623655914,0.010752688172043012,0.030107526881720432,0.03655913978494624,0.007526881720430108,0.013978494623655914,0.012903225806451613,0.025806451612903226,0.11935483870967742,0.025806451612903226,0.02795698924731183,0.03225806451612903,0.13225806451612904,0.16469321851453175,0.021528525296017224,0.05059203444564048,0.03767491926803014,0.12917115177610333,0.022604951560818085,0.001076426264800861,0.00968783638320775,0.004305705059203444,0.023681377825618945,0.04520990312163617,0.004305705059203444,0.012917115177610334,0.005382131324004306,0.03229278794402583,0.03552206673842842,0.006458557588805167,0.005382131324004306,0.013993541442411194,0.03552206673842842,0.13347685683530677,0.02906350914962325,0.024757804090419805,0.03444564047362755,0.116254036598493,0.16163793103448276,0.028017241379310345,0.04418103448275862,0.03879310344827586,0.13038793103448276,0.029094827586206896,0.0021551724137931034,0.00646551724137931,0.005387931034482759,0.018318965517241378,0.03879310344827586,0.007543103448275862,0.011853448275862068,0.005387931034482759,0.036637931034482756,0.034482758620689655,0.00646551724137931,0.008620689655172414,0.011853448275862068,0.03556034482758621,0.13793103448275862,0.018318965517241378,0.03125,0.034482758620689655,0.11637931034482758,0.15426105717367852,0.02696871628910464,0.04422869471413161,0.03559870550161812,0.1413160733549083,0.022653721682847898,0.004314994606256742,0.006472491909385114,0.006472491909385114,0.021574973031283712,0.042071197411003236,0.003236245954692557,0.011866235167206042,0.012944983818770227,0.030204962243797196,0.04422869471413161,0.006472491909385114,0.005393743257820928,0.007551240560949299,0.03344120819848975,0.13807982740021574,0.021574973031283712,0.034519956850053934,0.03344120819848975,0.1111111111111111
11,0.12205567451820129,0.03640256959314775,0.059957173447537475,0.047109207708779445,0.11349036402569593,0.03640256959314775,0.0021413276231263384,0.010706638115631691,0.008565310492505354,0.017130620985010708,0.057815845824411134,0.01284796573875803,0.01284796573875803,0.01284796573875803,0.042826552462526764,0.055674518201284794,0.010706638115631691,0.019271948608137045,0.01284796573875803,0.032119914346895075,0.10492505353319058,0.014989293361884369,0.03640256959314775,0.04925053533190578,0.07066381156316917,0.13948497854077252,0.02145922746781116,0.06437768240343347,0.05793991416309013,0.0944206008583691,0.02575107296137339,0.01072961373390558,0.02145922746781116,0.006437768240343348,0.01072961373390558,0.0536480686695279,0.012875536480686695,0.019313304721030045,0.015021459227467811,0.03862660944206009,0.04721030042918455,0.01072961373390558,0.01072961373390558,0.02145922746781116,0.0407725321888412,0.10944206008583691,0.02145922746781116,0.023605150214592276,0.030042918454935622,0.09227467811158799,0.14838709677419354,0.02795698924731183,0.05591397849462366,0.047311827956989246,0.0989247311827957,0.03225806451612903,0.008602150537634409,0.010752688172043012,0.002150537634408602,0.021505376344086023,0.053763440860215055,0.015053763440860216,0.02795698924731183,0.01935483870967742,0.023655913978494623,0.043010752688172046,0.008602150537634409,0.010752688172043012,0.021505376344086023,0.04516129032258064,0.0989247311827957,0.017204301075268817,0.034408602150537634,0.03870967741935484,0.08817204301075268,0.15086206896551724,0.028017241379310345,0.05172413793103448,0.04741379310344827,0.10129310344827586,0.028017241379310345,0.010775862068965518,0.00646551724137931,0.015086206896551725,0.015086206896551725,0.05172413793103448,0.004310344827586207,0.02586206896551724,0.015086206896551725,0.040948275862068964,0.05387931034482758,0.008620689655172414,0.015086206896551725,0.01293103448275862,0.03879310344827586,0.09267241379310345,0.02586206896551724,0.040948275862068964,0.03879310344827586,0.07974137931034483,0.14254859611231102,0.028077753779697623,0.04103671706263499,0.047516198704103674,0.12095032397408208,0.02591792656587473,0.0064794816414686825,0.017278617710583154,0.0021598272138228943,0.02159827213822894,0.04103671706263499,0.012958963282937365,0.03023758099352052,0.01511879049676026,0.038876889848812095,0.06911447084233262,0.012958963282937365,0.008639308855291577,0.017278617710583154,0.02159827213822894,0.09935205183585313,0.017278617710583154,0.04319654427645788,0.04535637149028078,0.0734341252699784,0.1406926406926407,0.023809523809523808,0.049783549783549784,0.05844155844155844,0.10606060606060606,0.02813852813852814,0.0021645021645021645,0.008658008658008658,0.006493506493506494,0.02813852813852814,0.06277056277056277,0.008658008658008658,0.023809523809523808,0.008658008658008658,0.03463203463203463,0.03896103896103896,0.017316017316017316,0.01948051948051948,0.012987012987012988,0.04112554112554113,0.10822510822510822,0.025974025974025976,0.03896103896103896,0.04112554112554113,0.06493506493506493
12,0.11507936507936507,0.027777777777777776,0.057539682539682536,0.0496031746031746,0.0992063492063492,0.02976190476190476,0.005952380952380952,0.011904761904761904,0.013888888888888888,0.027777777777777776,0.04563492063492063,0.017857142857142856,0.013888888888888888,0.013888888888888888,0.051587301587301584,0.05357142857142857,0.013888888888888888,0.01984126984126984,0.011904761904761904,0.041666666666666664,0.10317460317460317,0.025793650793650792,0.03968253968253968,0.051587301587301584,0.057539682539682536,0.12524850894632206,0.027833001988071572,0.04970178926441352,0.05765407554671968,0.0874751491053678,0.02584493041749503,0.005964214711729622,0.02584493041749503,0.011928429423459244,0.019880715705765408,0.04771371769383698,0.015904572564612324,0.02385685884691849,0.017892644135188866,0.03777335984095427,0.04572564612326044,0.007952286282306162,0.017892644135188866,0.015904572564612324,0.0536779324055666,0.10139165009940358,0.033797216699801194,0.02584493041749503,0.03777335984095427,0.07952286282306163,0.12749003984063745,0.03187250996015936,0.053784860557768925,0.053784860557768925,0.08167330677290836,0.029880478087649404,0.00796812749003984,0.01593625498007968,0.00398406374501992,0.03187250996015936,0.053784860557768925,0.017928286852589643,0.01593625498007968,0.021912350597609563,0.03386454183266932,0.045816733067729085,0.0099601593625498,0.01593625498007968,0.01593625498007968,0.05179282868525897,0.08964143426294821,0.02390438247011952,0.04183266932270916,0.043824701195219126,0.0796812749003984,0.12974051896207583,0.023952095808383235,0.05389221556886228,0.04790419161676647,0.09381237524950099,0.031936127744510975,0.007984031936127744,0.007984031936127744,0.017964071856287425,0.023952095808383235,0.05389221556886228,0.00998003992015968,0.031936127744510975,0.015968063872255488,0.029940119760479042,0.04790419161676647,0.017964071856287425,0.015968063872255488,0.021956087824351298,0.03592814371257485,0.08383233532934131,0.031936127744510975,0.033932135728542916,0.03592814371257485,0.09381237524950099,0.116,0.024,0.054,0.056,0.1,0.026,0.014,0.016,0.004,0.028,0.04,0.012,0.024,0.018,0.048,0.062,0.018,0.008,0.014,0.038,0.102,0.024,0.042,0.048,0.064,0.11222444889779559,0.026052104208416832,0.04809619238476954,0.06412825651302605,0.09819639278557114,0.04208416833667335,0.002004008016032064,0.01002004008016032,0.012024048096192385,0.022044088176352707,0.04609218436873747,0.014028056112224449,0.022044088176352707,0.008016032064128256,0.052104208416833664,0.04008016032064128,0.02404809619238477,0.02404809619238477,0.014028056112224449,0.03807615230460922,0.10420841683366733,0.026052104208416832,0.04008016032064128,0.04208416833667335,0.06813627254509018
13,0.11062906724511931,0.03036876355748373,0.0368763557483731,0.04121475054229935,0.11713665943600868,0.01735357917570499,0.006507592190889371,0.006507592190889371,0.004338394793926247,0.028199566160520606,0.039045553145336226,0.008676789587852495,0.019522776572668113,0.008676789587852495,0.052060737527114966,0.04772234273318872,0.0021691973969631237,0.01735357917570499,0.004338394793926247,0.03036876355748373,0.1193058568329718,0.015184381778741865,0.04772234273318872,0.04338394793926247,0.14533622559652928,0.11956521739130435,0.017391304347826087,0.05652173913043478,0.03260869565217391,0.1108695652173913,0.010869565217391304,0.008695652173913044,0.015217391304347827,0.004347826086956522,0.02391304347826087,0.034782608695652174,0.010869565217391304,0.021739130434782608,0.017391304347826087,0.043478260869565216,0.05217391304347826,0.008695652173913044,0.004347826086956522,0.010869565217391304,0.02608695652173913,0.11521739130434783,0.017391304347826087,0.030434782608695653,0.03695652173913044,0.16956521739130434,0.12854030501089325,0.02178649237472767,0.037037037037037035,0.034858387799564274,0.11546840958605664,0.023965141612200435,0.004357298474945534,0.006535947712418301,0.002178649237472767,0.026143790849673203,0.04139433551198257,0.006535947712418301,0.023965141612200435,0.013071895424836602,0.04139433551198257,0.02178649237472767,0.002178649237472767,0.015250544662309368,0.026143790849673203,0.037037037037037035,0.11764705882352941,0.02832244008714597,0.0457516339869281,0.026143790849673203,0.15250544662309368,0.1222707423580786,0.015283842794759825,0.04148471615720524,0.043668122270742356,0.11572052401746726,0.021834061135371178,0.004366812227074236,0.004366812227074236,0.002183406113537118,0.03056768558951965,0.03275109170305677,0.015283842794759825,0.028384279475982533,0.010917030567685589,0.039301310043668124,0.04585152838427948,0.004366812227074236,0.013100436681222707,0.006550218340611353,0.03275109170305677,0.11135371179039301,0.024017467248908297,0.04148471615720524,0.039301310043668124,0.15283842794759825,0.11597374179431072,0.02188183807439825,0.04157549234135667,0.028446389496717725,0.12910284463894967,0.0175054704595186,0.002188183807439825,0.006564551422319475,0.010940919037199124,0.0262582056892779,0.0262582056892779,0.0087527352297593,0.03282275711159737,0.006564551422319475,0.0525164113785558,0.04157549234135667,0.01312910284463895,0.006564551422319475,0.01312910284463895,0.028446389496717725,0.13347921225382933,0.0175054704595186,0.04157549234135667,0.0437636761487965,0.13347921225382933,0.13157894736842105,0.021929824561403508,0.039473684210526314,0.041666666666666664,0.10307017543859649,0.03070175438596491,0.0,0.010964912280701754,0.0021929824561403508,0.019736842105263157,0.03728070175438596,0.006578947368421052,0.019736842105263157,0.015350877192982455,0.04824561403508772,0.021929824561403508,0.0043859649122807015,0.021929824561403508,0.015350877192982455,0.039473684210526314,0.11403508771929824,0.03070175438596491,0.03728070175438596,0.02850877192982456,0.15789473684210525
14,0.09691629955947137,0.024229074889867842,0.048458149779735685,0.04185022026431718,0.11674008810572688,0.013215859030837005,0.0022026431718061676,0.006607929515418502,0.006607929515418502,0.028634361233480177,0.05506607929515418,0.011013215859030838,0.024229074889867842,0.00881057268722467,0.046255506607929514,0.039647577092511016,0.0022026431718061676,0.022026431718061675,0.00881057268722467,0.03524229074889868,0.1211453744493392,0.01762114537444934,0.04405286343612335,0.04185022026431718,0.13656387665198239,0.10816777041942605,0.019867549668874173,0.05739514348785872,0.03532008830022075,0.10596026490066225,0.013245033112582781,0.004415011037527594,0.01545253863134658,0.004415011037527594,0.019867549668874173,0.033112582781456956,0.011037527593818985,0.026490066225165563,0.019867549668874173,0.05518763796909492,0.046357615894039736,0.006622516556291391,0.006622516556291391,0.011037527593818985,0.037527593818984545,0.12582781456953643,0.01545253863134658,0.039735099337748346,0.037527593818984545,0.1434878587196468,0.12389380530973451,0.01991150442477876,0.03982300884955752,0.033185840707964605,0.1084070796460177,0.02654867256637168,0.0022123893805309734,0.008849557522123894,0.0022123893805309734,0.017699115044247787,0.0420353982300885,0.00663716814159292,0.033185840707964605,0.015486725663716814,0.048672566371681415,0.024336283185840708,0.0022123893805309734,0.017699115044247787,0.024336283185840708,0.03982300884955752,0.11061946902654868,0.02654867256637168,0.046460176991150445,0.033185840707964605,0.14601769911504425,0.11086474501108648,0.013303769401330377,0.05321507760532151,0.03991130820399113,0.10864745011086474,0.024390243902439025,0.004434589800443459,0.004434589800443459,0.0022172949002217295,0.022172949002217297,0.03547671840354767,0.017738359201773836,0.028824833702882482,0.011086474501108648,0.05321507760532151,0.037694013303769404,0.004434589800443459,0.015521064301552107,0.011086474501108648,0.03991130820399113,0.1197339246119734,0.017738359201773836,0.04434589800443459,0.04434589800443459,0.1352549889135255,0.12222222222222222,0.02,0.044444444444444446,0.028888888888888888,0.1111111111111111,0.013333333333333334,0.0022222222222222222,0.006666666666666667,0.011111111111111112,0.024444444444444446,0.03333333333333333,0.008888888888888889,0.035555555555555556,0.011111111111111112,0.057777777777777775,0.03777777777777778,0.011111111111111112,0.011111111111111112,0.013333333333333334,0.035555555555555556,0.12,0.015555555555555555,0.04888888888888889,0.044444444444444446,0.13111111111111112,0.11804008908685969,0.017817371937639197,0.04899777282850779,0.044543429844097995,0.09799554565701558,0.024498886414253896,0.0,0.011135857461024499,0.0022271714922048997,0.0200445434298441,0.042316258351893093,0.011135857461024499,0.017817371937639197,0.013363028953229399,0.062360801781737196,0.028953229398663696,0.004454342984409799,0.024498886414253896,0.022271714922048998,0.028953229398663696,0.11358574610244988,0.024498886414253896,0.042316258351893093,0.026726057906458798,0.1514476614699332
15,0.12362030905077263,0.03532008830022075,0.039735099337748346,0.037527593818984545,0.11258278145695365,0.02207505518763797,0.002207505518763797,0.008830022075055188,0.011037527593818985,0.026490066225165563,0.05518763796909492,0.008830022075055188,0.02207505518763797,0.01545253863134658,0.037527593818984545,0.052980132450331126,0.002207505518763797,0.02207505518763797,0.019867549668874173,0.026490066225165563,0.09492273730684327,0.02207505518763797,0.046357615894039736,0.039735099337748346,0.11479028697571744,0.12168141592920353,0.01991150442477876,0.06637168141592921,0.033185840707964605,0.1084070796460177,0.022123893805309734,0.011061946902654867,0.015486725663716814,0.00663716814159292,0.015486725663716814,0.0420353982300885,0.011061946902654867,0.01991150442477876,0.017699115044247787,0.048672566371681415,0.059734513274336286,0.008849557522123894,0.00663716814159292,0.015486725663716814,0.033185840707964605,0.10176991150442478,0.01991150442477876,0.030973451327433628,0.05088495575221239,0.11283185840707964,0.13303769401330376,0.022172949002217297,0.04434589800443459,0.04434589800443459,0.10643015521064302,0.03547671840354767,0.0022172949002217295,0.008869179600886918,0.004434589800443459,0.019955654101995565,0.05543237250554324,0.0066518847006651885,0.024390243902439025,0.015521064301552107,0.037694013303769404,0.028824833702882482,0.004434589800443459,0.015521064301552107,0.024390243902439025,0.050997782705099776,0.09534368070953436,0.03547671840354767,0.04656319290465632,0.03547671840354767,0.10199556541019955,0.13555555555555557,0.02,0.04666666666666667,0.04888888888888889,0.1,0.03111111111111111,0.0044444444444444444,0.006666666666666667,0.0022222222222222222,0.02666666666666667,0.028888888888888888,0.015555555555555555,0.02666666666666667,0.015555555555555555,0.051111111111111114,0.044444444444444446,0.0044444444444444444,0.013333333333333334,0.015555555555555555,0.04666666666666667,0.10888888888888888,0.02666666666666667,0.04666666666666667,0.042222222222222223,0.09111111111111111,0.133630289532294,0.028953229398663696,0.044543429844097995,0.0378619153674833,0.10467706013363029,0.017817371937639197,0.0022271714922048997,0.008908685968819599,0.008908685968819599,0.0334075723830735,0.0334075723830735,0.013363028953229399,0.028953229398663696,0.011135857461024499,0.051224944320712694,0.0467706013363029,0.011135857461024499,0.008908685968819599,0.017817371937639197,0.0400890868596882,0.11804008908685969,0.015590200445434299,0.0467706013363029,0.04899777282850779,0.08685968819599109,0.12946428571428573,0.026785714285714284,0.049107142857142856,0.05133928571428571,0.09151785714285714,0.03125,0.0,0.011160714285714286,0.002232142857142857,0.026785714285714284,0.044642857142857144,0.008928571428571428,0.011160714285714286,0.024553571428571428,0.049107142857142856,0.03794642857142857,0.008928571428571428,0.020089285714285716,0.017857142857142856,0.04017857142857143,0.10714285714285714,0.026785714285714284,0.046875,0.026785714285714284,0.109375
16,0.09386973180076628,0.03065134099616858,0.040229885057471264,0.04597701149425287,0.1111111111111111,0.032567049808429116,0.007662835249042145,0.007662835249042145,0.007662835249042145,0.02681992337164751,0.04980842911877394,0.007662835249042145,0.019157088122605363,0.017241379310344827,0.04597701149425287,0.05172413793103448,0.009578544061302681,0.01532567049808429,0.013409961685823755,0.032567049808429116,0.09386973180076628,0.02681992337164751,0.05747126436781609,0.038314176245210725,0.11685823754789272,0.09980806142034548,0.03262955854126679,0.061420345489443376,0.0345489443378119,0.09404990403071017,0.01727447216890595,0.005758157389635317,0.013435700575815739,0.013435700575815739,0.03262955854126679,0.036468330134357005,0.005758157389635317,0.023032629558541268,0.02111324376199616,0.053742802303262956,0.05950095969289827,0.009596928982725527,0.005758157389635317,0.009596928982725527,0.036468330134357005,0.10940499040307101,0.028790786948176585,0.036468330134357005,0.04222648752399232,0.11708253358925144,0.10961538461538461,0.025,0.04038461538461539,0.051923076923076926,0.09423076923076923,0.03461538461538462,0.009615384615384616,0.007692307692307693,0.013461538461538462,0.01730769230769231,0.038461538461538464,0.009615384615384616,0.021153846153846155,0.019230769230769232,0.051923076923076926,0.03461538461538462,0.009615384615384616,0.021153846153846155,0.0038461538461538464,0.051923076923076926,0.10576923076923077,0.028846153846153848,0.05,0.032692307692307694,0.11730769230769231,0.10597302504816955,0.025048169556840076,0.05973025048169557,0.04046242774566474,0.0905587668593449,0.02119460500963391,0.01348747591522158,0.009633911368015413,0.007707129094412331,0.030828516377649325,0.046242774566473986,0.009633911368015413,0.01348747591522158,0.011560693641618497,0.05973025048169557,0.04431599229287091,0.01348747591522158,0.007707129094412331,0.005780346820809248,0.05009633911368015,0.10404624277456648,0.02119460500963391,0.05009633911368015,0.055876685934489405,0.10211946050096339,0.11583011583011583,0.025096525096525095,0.04633204633204633,0.032818532818532815,0.10038610038610038,0.021235521235521235,0.005791505791505791,0.013513513513513514,0.003861003861003861,0.03861003861003861,0.03861003861003861,0.007722007722007722,0.021235521235521235,0.017374517374517374,0.055984555984555984,0.04247104247104247,0.013513513513513514,0.015444015444015444,0.015444015444015444,0.03474903474903475,0.10424710424710425,0.03088803088803089,0.0444015444015444,0.052123552123552123,0.10231660231660232,0.09864603481624758,0.02321083172147002,0.05029013539651837,0.0367504835589942,0.1102514506769826,0.019342359767891684,0.005802707930367505,0.013539651837524178,0.017408123791102514,0.027079303675048357,0.048355899419729204,0.009671179883945842,0.02127659574468085,0.013539651837524178,0.048355899419729204,0.03481624758220503,0.015473887814313346,0.019342359767891684,0.013539651837524178,0.03868471953578337,0.11992263056092843,0.029013539651837523,0.0367504835589942,0.04061895551257253,0.10831721470019343
17,0.1091703056768559,0.04585152838427948,0.04148471615720524,0.039301310043668124,0.11353711790393013,0.024017467248908297,0.006550218340611353,0.008733624454148471,0.008733624454148471,0.03056768558951965,0.056768558951965066,0.006550218340611353,0.010917030567685589,0.008733624454148471,0.05240174672489083,0.048034934497816595,0.004366812227074236,0.013100436681222707,0.015283842794759825,0.024017467248908297,0.1091703056768559,0.015283842794759825,0.06331877729257641,0.03275109170305677,0.11135371179039301,0.10940919037199125,0.030634573304157548,0.06345733041575492,0.0350109409190372,0.11159737417943107,0.024070021881838075,0.00437636761487965,0.010940919037199124,0.0087527352297593,0.030634573304157548,0.04157549234135667,0.015317286652078774,0.015317286652078774,0.01312910284463895,0.05032822757111598,0.0525164113785558,0.006564551422319475,0.010940919037199124,0.0087527352297593,0.0262582056892779,0.12035010940919037,0.02188183807439825,0.0350109409190372,0.03938730853391685,0.1137855579868709,0.13157894736842105,0.02631578947368421,0.03508771929824561,0.041666666666666664,0.11403508771929824,0.03508771929824561,0.0021929824561403508,0.010964912280701754,0.010964912280701754,0.019736842105263157,0.046052631578947366,0.006578947368421052,0.02631578947368421,0.015350877192982455,0.041666666666666664,0.03289473684210526,0.015350877192982455,0.021929824561403508,0.0021929824561403508,0.03289473684210526,0.10087719298245613,0.02850877192982456,0.041666666666666664,0.03508771929824561,0.125,0.12527472527472527,0.015384615384615385,0.06593406593406594,0.03076923076923077,0.11208791208791209,0.013186813186813187,0.008791208791208791,0.013186813186813187,0.004395604395604396,0.03956043956043956,0.041758241758241756,0.015384615384615385,0.017582417582417582,0.015384615384615385,0.046153846153846156,0.046153846153846156,0.013186813186813187,0.01098901098901099,0.004395604395604396,0.03076923076923077,0.12087912087912088,0.026373626373626374,0.02857142857142857,0.05054945054945055,0.10329670329670329,0.1211453744493392,0.024229074889867842,0.05506607929515418,0.030837004405286344,0.11674008810572688,0.028634361233480177,0.004405286343612335,0.013215859030837005,0.0,0.03303964757709251,0.04185022026431718,0.011013215859030838,0.022026431718061675,0.015418502202643172,0.046255506607929514,0.046255506607929514,0.011013215859030838,0.00881057268722467,0.013215859030837005,0.02643171806167401,0.10792951541850221,0.028634361233480177,0.037444933920704845,0.046255506607929514,0.11013215859030837,0.11479028697571744,0.033112582781456956,0.05518763796909492,0.03532008830022075,0.11037527593818984,0.02207505518763797,0.004415011037527594,0.013245033112582781,0.013245033112582781,0.026490066225165563,0.039735099337748346,0.011037527593818985,0.013245033112582781,0.019867549668874173,0.052980132450331126,0.03090507726269316,0.013245033112582781,0.02207505518763797,0.004415011037527594,0.03532008830022075,0.1390728476821192,0.017660044150110375,0.033112582781456956,0.03090507726269316,0.10816777041942605
18,0.12379110251450677,0.03288201160541586,0.04642166344294004,0.0367504835589942,0.10251450676982592,0.015473887814313346,0.005802707930367505,0.01160541586073501,0.009671179883945842,0.029013539651837523,0.05415860735009671,0.009671179883945842,0.029013539651837523,0.013539651837524178,0.059961315280464215,0.04642166344294004,0.005802707930367505,0.019342359767891684,0.009671179883945842,0.02127659574468085,0.10058027079303675,0.017408123791102514,0.061895551257253385,0.03288201160541586,0.10444874274661509,0.1182170542635659,0.03294573643410853,0.06589147286821706,0.031007751937984496,0.09496124031007752,0.01937984496124031,0.001937984496124031,0.01937984496124031,0.011627906976744186,0.01937984496124031,0.050387596899224806,0.005813953488372093,0.027131782945736434,0.015503875968992248,0.06782945736434108,0.044573643410852716,0.009689922480620155,0.011627906976744186,0.005813953488372093,0.031007751937984496,0.10852713178294573,0.02131782945736434,0.044573643410852716,0.03682170542635659,0.10465116279069768,0.11844660194174757,0.02524271844660194,0.05242718446601942,0.03495145631067961,0.11067961165048544,0.02524271844660194,0.001941747572815534,0.011650485436893204,0.013592233009708738,0.019417475728155338,0.062135922330097085,0.011650485436893204,0.031067961165048542,0.011650485436893204,0.05048543689320388,0.031067961165048542,0.007766990291262136,0.02524271844660194,0.005825242718446602,0.03300970873786408,0.10485436893203884,0.02524271844660194,0.04660194174757282,0.03495145631067961,0.10485436893203884,0.1264591439688716,0.021400778210116732,0.05642023346303502,0.03696498054474708,0.09922178988326848,0.019455252918287938,0.007782101167315175,0.011673151750972763,0.007782101167315175,0.02529182879377432,0.054474708171206226,0.011673151750972763,0.027237354085603113,0.019455252918287938,0.054474708171206226,0.042801556420233464,0.011673151750972763,0.01556420233463035,0.0019455252918287938,0.0311284046692607,0.09727626459143969,0.019455252918287938,0.05642023346303502,0.03501945525291829,0.10894941634241245,0.11695906432748537,0.021442495126705652,0.06627680311890838,0.03508771929824561,0.09941520467836257,0.01949317738791423,0.003898635477582846,0.01364522417153996,0.005847953216374269,0.029239766081871343,0.056530214424951264,0.009746588693957114,0.023391812865497075,0.021442495126705652,0.056530214424951264,0.031189083820662766,0.011695906432748537,0.01949317738791423,0.009746588693957114,0.031189083820662766,0.11695906432748537,0.025341130604288498,0.04483430799220273,0.029239766081871343,0.10136452241715399,0.107421875,0.02734375,0.056640625,0.033203125,0.115234375,0.0234375,0.005859375,0.015625,0.005859375,0.021484375,0.056640625,0.009765625,0.037109375,0.017578125,0.046875,0.04296875,0.01171875,0.015625,0.001953125,0.03125,0.111328125,0.017578125,0.04296875,0.04296875,0.1015625
19,0.14316702819956617,0.021691973969631236,0.052060737527114966,0.04772234273318872,0.10412147505422993,0.015184381778741865,0.006507592190889371,0.004338394793926247,0.0021691973969631237,0.03253796095444685,0.039045553145336226,0.013015184381778741,0.026030368763557483,0.01735357917570499,0.04772234273318872,0.04338394793926247,0.004338394793926247,0.021691973969631236,0.008676789587852495,0.028199566160520606,0.12581344902386118,0.015184381778741865,0.039045553145336226,0.03036876355748373,0.11062906724511931,0.13478260869565217,0.02826086956521739,0.05434782608695652,0.03695652173913044,0.11304347826086956,0.010869565217391304,0.002173913043478261,0.02391304347826087,0.008695652173913044,0.015217391304347827,0.05434782608695652,0.013043478260869565,0.01956521739130435,0.010869565217391304,0.04565217391304348,0.0391304347826087,0.006521739130434782,0.015217391304347827,0.008695652173913044,0.03695652173913044,0.1282608695652174,0.010869565217391304,0.030434782608695653,0.0391304347826087,0.11304347826086956,0.12418300653594772,0.023965141612200435,0.05010893246187364,0.04357298474945534,0.12636165577342048,0.026143790849673203,0.004357298474945534,0.015250544662309368,0.006535947712418301,0.008714596949891068,0.06753812636165578,0.013071895424836602,0.015250544662309368,0.013071895424836602,0.034858387799564274,0.0457516339869281,0.006535947712418301,0.015250544662309368,0.008714596949891068,0.030501089324618737,0.10457516339869281,0.013071895424836602,0.04793028322440087,0.032679738562091505,0.12200435729847495,0.15283842794759825,0.017467248908296942,0.0611353711790393,0.03056768558951965,0.10698689956331878,0.028384279475982533,0.0,0.002183406113537118,0.008733624454148471,0.021834061135371178,0.05458515283842795,0.013100436681222707,0.026200873362445413,0.013100436681222707,0.034934497816593885,0.03711790393013101,0.006550218340611353,0.013100436681222707,0.026200873362445413,0.024017467248908297,0.09606986899563319,0.024017467248908297,0.039301310043668124,0.026200873362445413,0.13537117903930132,0.13566739606126915,0.024070021881838075,0.05689277899343545,0.04157549234135667,0.11159737417943107,0.0262582056892779,0.006564551422319475,0.006564551422319475,0.002188183807439825,0.019693654266958426,0.04157549234135667,0.010940919037199124,0.02188183807439825,0.019693654266958426,0.04814004376367615,0.03938730853391685,0.006564551422319475,0.019693654266958426,0.01312910284463895,0.028446389496717725,0.12691466083150985,0.01312910284463895,0.0350109409190372,0.028446389496717725,0.11597374179431072,0.1425438596491228,0.02412280701754386,0.05921052631578947,0.03070175438596491,0.1118421052631579,0.017543859649122806,0.0021929824561403508,0.015350877192982455,0.010964912280701754,0.015350877192982455,0.05043859649122807,0.008771929824561403,0.008771929824561403,0.02412280701754386,0.05043859649122807,0.02850877192982456,0.008771929824561403,0.02850877192982456,0.008771929824561403,0.03289473684210526,0.13157894736842105,0.015350877192982455,0.02850877192982456,0.03070175438596491,0.11403508771929824
20,0.16729323308270677,0.016917293233082706,0.05451127819548872,0.046992481203007516,0.09586466165413533,0.015037593984962405,0.005639097744360902,0.005639097744360902,0.0018796992481203006,0.02443609022556391,0.03571428571428571,0.011278195488721804,0.02631578947368421,0.022556390977443608,0.043233082706766915,0.046992481203007516,0.0018796992481203006,0.018796992481203006,0.007518796992481203,0.03195488721804511,0.11654135338345864,0.016917293233082706,0.03383458646616541,0.02819548872180451,0.12406015037593984,0.1431261770244821,0.02071563088512241,0.0583804143126177,0.03954802259887006,0.11864406779661017,0.013182674199623353,0.0018832391713747645,0.02071563088512241,0.005649717514124294,0.011299435028248588,0.05649717514124294,0.009416195856873822,0.022598870056497175,0.011299435028248588,0.03954802259887006,0.04519774011299435,0.003766478342749529,0.018832391713747645,0.011299435028248588,0.02824858757062147,0.12429378531073447,0.01694915254237288,0.018832391713747645,0.03954802259887006,0.12052730696798493,0.16037735849056603,0.020754716981132074,0.04150943396226415,0.045283018867924525,0.11320754716981132,0.016981132075471698,0.0037735849056603774,0.013207547169811321,0.005660377358490566,0.013207547169811321,0.05660377358490566,0.01509433962264151,0.026415094339622643,0.016981132075471698,0.024528301886792454,0.04716981132075472,0.005660377358490566,0.01509433962264151,0.009433962264150943,0.03018867924528302,0.1018867924528302,0.005660377358490566,0.04339622641509434,0.03018867924528302,0.13773584905660377,0.15122873345935728,0.01890359168241966,0.062381852551984876,0.035916824196597356,0.11342155009451796,0.026465028355387523,0.0,0.005671077504725898,0.005671077504725898,0.015122873345935728,0.05103969754253308,0.011342155009451797,0.024574669187145556,0.00945179584120983,0.04158790170132325,0.045368620037807186,0.003780718336483932,0.011342155009451797,0.02835538752362949,0.01890359168241966,0.10775047258979206,0.017013232514177693,0.035916824196597356,0.02835538752362949,0.13043478260869565,0.16477272727272727,0.01893939393939394,0.05303030303030303,0.043560606060606064,0.10227272727272728,0.020833333333333332,0.003787878787878788,0.007575757575757576,0.001893939393939394,0.01893939393939394,0.032196969696969696,0.011363636363636364,0.022727272727272728,0.026515151515151516,0.045454545454545456,0.041666666666666664,0.005681818181818182,0.015151515151515152,0.013257575757575758,0.032196969696969696,0.12121212121212122,0.011363636363636364,0.041666666666666664,0.022727272727272728,0.12121212121212122,0.14041745730550284,0.018975332068311195,0.05313092979127135,0.04364326375711575,0.1252371916508539,0.011385199240986717,0.0056925996204933585,0.013282732447817837,0.011385199240986717,0.011385199240986717,0.05502846299810247,0.0056925996204933585,0.009487666034155597,0.015180265654648957,0.05313092979127135,0.04364326375711575,0.0056925996204933585,0.028462998102466792,0.009487666034155597,0.020872865275142316,0.13092979127134724,0.015180265654648957,0.03415559772296015,0.028462998102466792,0.11005692599620494
21,0.1471861471861472,0.025974025974025976,0.049783549783549784,0.047619047619047616,0.10606060606060606,0.01948051948051948,0.006493506493506494,0.006493506493506494,0.0021645021645021645,0.032467532467532464,0.03896103896103896,0.015151515151515152,0.01948051948051948,0.017316017316017316,0.047619047619047616,0.04112554112554113,0.0021645021645021645,0.021645021645021644,0.008658008658008658,0.03463203463203463,0.1277056277056277,0.017316017316017316,0.04112554112554113,0.032467532467532464,0.09090909090909091,0.13665943600867678,0.028199566160520606,0.052060737527114966,0.03470715835140998,0.12364425162689804,0.015184381778741865,0.0021691973969631237,0.026030368763557483,0.010845986984815618,0.013015184381778741,0.06073752711496746,0.008676789587852495,0.019522776572668113,0.013015184381778741,0.0368763557483731,0.0455531453362256,0.006507592190889371,0.015184381778741865,0.008676789587852495,0.03253796095444685,0.11713665943600868,0.019522776572668113,0.026030368763557483,0.04121475054229935,0.10629067245119306,0.15,0.021739130434782608,0.0391304347826087,0.03695652173913044,0.1282608695652174,0.02391304347826087,0.010869565217391304,0.010869565217391304,0.006521739130434782,0.015217391304347827,0.05434782608695652,0.015217391304347827,0.017391304347826087,0.017391304347826087,0.034782608695652174,0.04782608695652174,0.006521739130434782,0.010869565217391304,0.008695652173913044,0.034782608695652174,0.09782608695652174,0.010869565217391304,0.06086956521739131,0.0391304347826087,0.1,0.1437908496732026,0.0196078431372549,0.06318082788671024,0.032679738562091505,0.11546840958605664,0.02832244008714597,0.002178649237472767,0.002178649237472767,0.006535947712418301,0.02832244008714597,0.04793028322440087,0.015250544662309368,0.026143790849673203,0.010893246187363835,0.0392156862745098,0.034858387799564274,0.004357298474945534,0.013071895424836602,0.02832244008714597,0.02832244008714597,0.11982570806100218,0.023965141612200435,0.034858387799564274,0.030501089324618737,0.10021786492374728,0.12882096069868995,0.024017467248908297,0.05458515283842795,0.048034934497816595,0.12008733624454149,0.034934497816593885,0.004366812227074236,0.010917030567685589,0.002183406113537118,0.015283842794759825,0.04148471615720524,0.013100436681222707,0.021834061135371178,0.019650655021834062,0.043668122270742356,0.03275109170305677,0.008733624454148471,0.017467248908296942,0.015283842794759825,0.034934497816593885,0.13755458515283842,0.013100436681222707,0.034934497816593885,0.024017467248908297,0.0982532751091703,0.15317286652078774,0.028446389496717725,0.05032822757111598,0.0350109409190372,0.10940919037199125,0.019693654266958426,0.006564551422319475,0.0175054704595186,0.01312910284463895,0.010940919037199124,0.05032822757111598,0.006564551422319475,0.006564551422319475,0.024070021881838075,0.0525164113785558,0.030634573304157548,0.0087527352297593,0.028446389496717725,0.0087527352297593,0.03282275711159737,0.12253829321663019,0.01312910284463895,0.037199124726477024,0.028446389496717725,0.1050328227571116
22,0.12910798122065728,0.01643192488262911,0.04460093896713615,0.04225352112676056,0.10093896713615023,0.011737089201877934,0.002347417840375587,0.01643192488262911,0.004694835680751174,0.028169014084507043,0.04929577464788732,0.007042253521126761,0.035211267605633804,0.01643192488262911,0.04929577464788732,0.051643192488262914,0.009389671361502348,0.01643192488262911,0.03051643192488263,0.03286384976525822,0.0892018779342723,0.028169014084507043,0.04460093896713615,0.046948356807511735,0.09624413145539906,0.11529411764705882,0.021176470588235293,0.06352941176470588,0.05176470588235294,0.08,0.018823529411764704,0.004705882352941176,0.01411764705882353,0.004705882352941176,0.021176470588235293,0.05176470588235294,0.009411764705882352,0.023529411764705882,0.009411764705882352,0.06352941176470588,0.05176470588235294,0.004705882352941176,0.01647058823529412,0.01411764705882353,0.05411764705882353,0.09411764705882353,0.023529411764705882,0.04,0.058823529411764705,0.08941176470588236,0.125,0.02122641509433962,0.05660377358490566,0.05188679245283019,0.07783018867924528,0.018867924528301886,0.0047169811320754715,0.0047169811320754715,0.01179245283018868,0.02358490566037736,0.05188679245283019,0.009433962264150943,0.018867924528301886,0.0330188679245283,0.04481132075471698,0.05188679245283019,0.007075471698113208,0.025943396226415096,0.014150943396226415,0.04009433962264151,0.08254716981132075,0.02122641509433962,0.05188679245283019,0.02830188679245283,0.12264150943396226,0.12056737588652482,0.01182033096926714,0.054373522458628844,0.04728132387706856,0.09929078014184398,0.02127659574468085,0.004728132387706856,0.0070921985815602835,0.009456264775413711,0.02127659574468085,0.05673758865248227,0.016548463356973995,0.026004728132387706,0.016548463356973995,0.0425531914893617,0.04491725768321513,0.01182033096926714,0.026004728132387706,0.014184397163120567,0.0425531914893617,0.0851063829787234,0.018912529550827423,0.04491725768321513,0.05200945626477541,0.10401891252955082,0.12796208530805686,0.023696682464454975,0.04739336492890995,0.04265402843601896,0.09004739336492891,0.014218009478672985,0.002369668246445498,0.011848341232227487,0.002369668246445498,0.03317535545023697,0.05687203791469194,0.009478672985781991,0.02843601895734597,0.02132701421800948,0.04265402843601896,0.030805687203791468,0.009478672985781991,0.030805687203791468,0.023696682464454975,0.045023696682464455,0.0971563981042654,0.018957345971563982,0.04028436018957346,0.04976303317535545,0.0995260663507109,0.10688836104513064,0.028503562945368172,0.040380047505938245,0.0498812351543943,0.10688836104513064,0.014251781472684086,0.0023752969121140144,0.011876484560570071,0.014251781472684086,0.019002375296912115,0.04513064133016627,0.004750593824228029,0.030878859857482184,0.021377672209026127,0.057007125890736345,0.04513064133016627,0.009501187648456057,0.019002375296912115,0.021377672209026127,0.04513064133016627,0.11401425178147269,0.019002375296912115,0.057007125890736345,0.0332541567695962,0.0831353919239905
23,0.11316397228637413,0.025404157043879907,0.06697459584295612,0.03695150115473441,0.11316397228637413,0.025404157043879907,0.004618937644341801,0.020785219399538105,0.006928406466512702,0.025404157043879907,0.053117782909930716,0.016166281755196306,0.03464203233256351,0.018475750577367205,0.04387990762124711,0.04387990762124711,0.004618937644341801,0.009237875288683603,0.02771362586605081,0.03695150115473441,0.11778290993071594,0.03233256351039261,0.03464203233256351,0.03233256351039261,0.05542725173210162,0.1087962962962963,0.02546296296296296,0.0625,0.05324074074074074,0.10416666666666667,0.02546296296296296,0.011574074074074073,0.020833333333333332,0.004629629629629629,0.020833333333333332,0.06481481481481481,0.013888888888888888,0.018518518518518517,0.018518518518518517,0.05092592592592592,0.05092592592592592,0.011574074074074073,0.013888888888888888,0.006944444444444444,0.03935185185185185,0.10416666666666667,0.020833333333333332,0.05092592592592592,0.037037037037037035,0.06018518518518518,0.11600928074245939,0.03944315545243619,0.05568445475638051,0.05336426914153132,0.09048723897911833,0.037122969837587005,0.004640371229698376,0.009280742459396751,0.009280742459396751,0.02320185614849188,0.06728538283062645,0.018561484918793503,0.02320185614849188,0.02320185614849188,0.03480278422273782,0.05336426914153132,0.004640371229698376,0.018561484918793503,0.009280742459396751,0.037122969837587005,0.07888631090487239,0.016241299303944315,0.060324825986078884,0.025522041763341066,0.09048723897911833,0.12558139534883722,0.023255813953488372,0.05581395348837209,0.046511627906976744,0.10232558139534884,0.037209302325581395,0.004651162790697674,0.01627906976744186,0.0069767441860465115,0.018604651162790697,0.05813953488372093,0.013953488372093023,0.02558139534883721,0.018604651162790697,0.05116279069767442,0.06279069767441861,0.011627906976744186,0.018604651162790697,0.009302325581395349,0.020930232558139535,0.06976744186046512,0.030232558139534883,0.04883720930232558,0.03953488372093023,0.08372093023255814,0.12121212121212122,0.037296037296037296,0.053613053613053616,0.039627039627039624,0.10023310023310024,0.03496503496503497,0.002331002331002331,0.013986013986013986,0.004662004662004662,0.027972027972027972,0.046620046620046623,0.011655011655011656,0.04428904428904429,0.016317016317016316,0.04895104895104895,0.039627039627039624,0.013986013986013986,0.013986013986013986,0.016317016317016316,0.039627039627039624,0.11188811188811189,0.018648018648018648,0.039627039627039624,0.04428904428904429,0.05827505827505827,0.1378504672897196,0.028037383177570093,0.0514018691588785,0.05841121495327103,0.07710280373831775,0.028037383177570093,0.007009345794392523,0.011682242990654205,0.011682242990654205,0.02336448598130841,0.056074766355140186,0.007009345794392523,0.037383177570093455,0.018691588785046728,0.04906542056074766,0.030373831775700934,0.02102803738317757,0.018691588785046728,0.009345794392523364,0.04439252336448598,0.102803738317757,0.02102803738317757,0.04439252336448598,0.02336448598130841,0.08177570093457943
24,0.1452991452991453,0.03133903133903134,0.045584045584045586,0.03133903133903134,0.13675213675213677,0.03418803418803419,0.002849002849002849,0.017094017094017096,0.002849002849002849,0.019943019943019943,0.039886039886039885,0.017094017094017096,0.02849002849002849,0.017094017094017096,0.042735042735042736,0.04843304843304843,0.005698005698005698,0.005698005698005698,0.019943019943019943,0.017094017094017096,0.11965811965811966,0.019943019943019943,0.04843304843304843,0.02564102564102564,0.07692307692307693,0.15714285714285714,0.022857142857142857,0.07142857142857142,0.025714285714285714,0.11428571428571428,0.025714285714285714,0.011428571428571429,0.017142857142857144,0.005714285714285714,0.017142857142857144,0.05714285714285714,0.005714285714285714,0.017142857142857144,0.008571428571428572,0.05714285714285714,0.04857142857142857,0.008571428571428572,0.005714285714285714,0.011428571428571429,0.022857142857142857,0.09714285714285714,0.02857142857142857,0.03428571428571429,0.045714285714285714,0.08285714285714285,0.15472779369627507,0.034383954154727794,0.054441260744985676,0.034383954154727794,0.11174785100286533,0.02865329512893983,0.0057306590257879654,0.008595988538681949,0.011461318051575931,0.022922636103151862,0.06303724928366762,0.008595988538681949,0.017191977077363897,0.014326647564469915,0.04297994269340974,0.04297994269340974,0.0057306590257879654,0.017191977077363897,0.008595988538681949,0.022922636103151862,0.09742120343839542,0.022922636103151862,0.04871060171919771,0.02865329512893983,0.09169054441260745,0.14367816091954022,0.028735632183908046,0.0603448275862069,0.04885057471264368,0.10919540229885058,0.031609195402298854,0.0028735632183908046,0.011494252873563218,0.0028735632183908046,0.028735632183908046,0.0603448275862069,0.0,0.02586206896551724,0.017241379310344827,0.04310344827586207,0.040229885057471264,0.011494252873563218,0.014367816091954023,0.0028735632183908046,0.02586206896551724,0.11206896551724138,0.034482758620689655,0.031609195402298854,0.02586206896551724,0.08620689655172414,0.14121037463976946,0.03170028818443804,0.06340057636887608,0.05475504322766571,0.10086455331412104,0.03170028818443804,0.002881844380403458,0.005763688760806916,0.002881844380403458,0.0345821325648415,0.043227665706051875,0.011527377521613832,0.03170028818443804,0.011527377521613832,0.04899135446685879,0.043227665706051875,0.011527377521613832,0.008645533141210375,0.002881844380403458,0.02881844380403458,0.12968299711815562,0.020172910662824207,0.0345821325648415,0.023054755043227664,0.08069164265129683,0.17052023121387283,0.03757225433526012,0.05202312138728324,0.03468208092485549,0.0953757225433526,0.031791907514450865,0.005780346820809248,0.017341040462427744,0.008670520231213872,0.014450867052023121,0.05491329479768786,0.011560693641618497,0.017341040462427744,0.011560693641618497,0.05202312138728324,0.03468208092485549,0.005780346820809248,0.023121387283236993,0.011560693641618497,0.02023121387283237,0.09826589595375723,0.017341040462427744,0.03468208092485549,0.02601156069364162,0.11271676300578035
25,0.1154639175257732,0.0288659793814433,0.04536082474226804,0.04742268041237113,0.09896907216494845,0.018556701030927835,0.012371134020618556,0.010309278350515464,0.004123711340206186,0.03711340206185567,0.049484536082474224,0.008247422680412371,0.026804123711340205,0.01443298969072165,0.04742268041237113,0.05154639175257732,0.010309278350515464,0.016494845360824743,0.018556701030927835,0.030927835051546393,0.09896907216494845,0.02268041237113402,0.04742268041237113,0.04329896907216495,0.09484536082474226,0.1012396694214876,0.024793388429752067,0.03925619834710744,0.05785123966942149,0.1115702479338843,0.024793388429752067,0.004132231404958678,0.02066115702479339,0.002066115702479339,0.030991735537190084,0.04338842975206612,0.008264462809917356,0.030991735537190084,0.014462809917355372,0.049586776859504134,0.04132231404958678,0.022727272727272728,0.01652892561983471,0.010330578512396695,0.0371900826446281,0.12190082644628099,0.022727272727272728,0.03925619834710744,0.04338842975206612,0.08057851239669421,0.12008281573498965,0.028985507246376812,0.047619047619047616,0.051759834368530024,0.08695652173913043,0.028985507246376812,0.004140786749482402,0.014492753623188406,0.010351966873706004,0.024844720496894408,0.053830227743271224,0.004140786749482402,0.024844720496894408,0.020703933747412008,0.043478260869565216,0.045548654244306416,0.014492753623188406,0.008281573498964804,0.016563146997929608,0.041407867494824016,0.08281573498964803,0.031055900621118012,0.051759834368530024,0.028985507246376812,0.11387163561076605,0.11410788381742738,0.03112033195020747,0.05394190871369295,0.04149377593360996,0.0954356846473029,0.035269709543568464,0.0,0.012448132780082987,0.008298755186721992,0.024896265560165973,0.05186721991701245,0.006224066390041493,0.014522821576763486,0.029045643153526972,0.04564315352697095,0.05394190871369295,0.004149377593360996,0.024896265560165973,0.01037344398340249,0.03319502074688797,0.07676348547717843,0.04149377593360996,0.04149377593360996,0.03941908713692946,0.10995850622406639,0.12058212058212059,0.02286902286902287,0.05197505197505198,0.031185031185031187,0.10810810810810811,0.02494802494802495,0.010395010395010396,0.004158004158004158,0.012474012474012475,0.029106029106029108,0.056133056133056136,0.004158004158004158,0.031185031185031187,0.02079002079002079,0.035343035343035345,0.0395010395010395,0.010395010395010396,0.02286902286902287,0.012474012474012475,0.04158004158004158,0.09147609147609148,0.033264033264033266,0.037422037422037424,0.05197505197505198,0.09563409563409564,0.10416666666666667,0.025,0.052083333333333336,0.05,0.10416666666666667,0.022916666666666665,0.008333333333333333,0.00625,0.01875,0.025,0.04791666666666667,0.010416666666666666,0.016666666666666666,0.016666666666666666,0.05625,0.04791666666666667,0.004166666666666667,0.020833333333333332,0.014583333333333334,0.0375,0.11041666666666666,0.03333333333333333,0.052083333333333336,0.029166666666666667,0.08541666666666667
